FirstName,LastName,Email,MailingStreet,MailingCity,MailingPostalCode,MailingState,MailingCountry,isvcdptest2__Level__c,isvcdptest2__Languages__c,referenceId
Rosalia,Leban,rleban0@unc.edu.cdp,3904 Transport Plaza,Tampa,33647,Florida,United States,Tertiary,Burmese,ContactRef1
Lian,Kimmince,lkimmince1@a8.net.cdp,72118 Ronald Regan Plaza,Extrema,37640-000,,Brazil,Primary,Dzongkha,ContactRef2
Charlton,Slaymaker,cslaymaker2@sitemeter.com.cdp,7 Florence Way,Rio Grande da Serra,09450-000,,Brazil,Secondary,Japanese,ContactRef3
Torrin,McCall,tmccall3@mashable.com.cdp,42794 Dawn Junction,Cincinnati,45208,Ohio,United States,Primary,Malay,ContactRef4
Miles,Ridsdale,mridsdale4@shop-pro.jp.cdp,2 Meadow Valley Road,Pimenta Bueno,78984-000,,Brazil,Tertiary,Italian,ContactRef5
Gerianna,Doogue,gdoogue5@ucla.edu.cdp,9 Ridge Oak Terrace,Austin,78769,Texas,United States,Secondary,Swedish,ContactRef6
Gunar,Roch,groch6@usda.gov.cdp,83 Shasta Parkway,Labelle,N2L,Québec,Canada,Secondary,Sotho,ContactRef7
Lila,Tolhurst,ltolhurst7@nymag.com.cdp,10002 Grim Point,Codajás,69450-000,,Brazil,Primary,Croatian,ContactRef8
Jsandye,Vignal,jvignal8@mit.edu.cdp,486 Aberg Circle,Leopoldina,36700-000,,Brazil,Primary,New Zealand Sign Language,ContactRef9
Care,Langstaff,clangstaff9@spiegel.de.cdp,5420 Florence Pass,Rochester,14609,New York,United States,Secondary,Guaraní,ContactRef10
