contact_id,first_name,last_name,email,phone_number,address,city,state,zip_code,birthday
1,Giacomo,O'Loinn,goloinn0@sohu.com,568-341-3641,20 Briar Crest Parkway,Bagumbayan,,9810,2/2/1923
2,Farlay,McCowan,fmccowan1@tmall.com,800-476-2140,3 Comanche Plaza,Zouparria do Monte,06,3020-895,2/1/1915
3,Floyd,Leist,fleist2@diigo.com,158-938-1106,294 Forest Junction,Plumbangan,,,4/18/1954
4,Willyt,Tremblay,wtremblay3@go.com,361-393-3235,77 Mitchell Center,Puerto Parra,,686008,1/8/2004
5,Mirelle,Heistermann,mheistermann4@printfriendly.com,767-894-3486,75 Esker Terrace,København,1084,1320,3/12/1952
6,Rurik,MacGillivray,rmacgillivray5@howstuffworks.com,224-735-2013,81492 Blue Bill Park Center,Sedati,,,3/24/1969
7,Jeno,Jaggs,jjaggs6@twitpic.com,346-628-5827,14 Golden Leaf Center,Paynjuwayn,,,3/20/1947
8,Ignatius,Claye,iclaye7@aol.com,245-577-4483,93 Eastlawn Avenue,Demak,,,12/19/1900
9,Cordelie,Scammonden,cscammonden8@surveymonkey.com,290-963-3591,1701 Pearson Circle,Gukovo,,347879,1/19/1910
10,Sheilah,Rowthorne,srowthorne9@salon.com,248-764-8259,9607 Saint Paul Crossing,Farmington,MI,48335,5/3/1980
11,Lorettalorna,Olivella,lolivellaa@oracle.com,788-625-2057,12 Mcbride Road,Planken,,9498,3/24/1992
12,Midge,Wrotchford,mwrotchfordb@xinhuanet.com,924-918-7419,25 Glendale Road,Podgortsy,,,6/28/2022
13,Tomaso,Matteacci,tmatteaccic@networkadvertising.org,143-470-4214,5 Becker Crossing,Lysá nad Labem,,289 22,4/15/1906
14,Demetre,Burlingham,dburlinghamd@oaic.gov.au,318-442-7866,62076 Shopko Junction,Pitomača,,33405,8/8/1912
15,Kristi,Bernat,kbernate@hc360.com,234-863-5283,0590 Roth Alley,Grebenskaya,,366101,4/18/1904
16,Sigismundo,Whellans,swhellansf@ycombinator.com,566-712-9161,73321 Lyons Trail,Mariposa,,,6/10/1913
17,Shantee,Kleisel,skleiselg@telegraph.co.uk,177-737-4059,0 Buena Vista Place,Kadoma,,571-0050,6/8/1953
18,Sena,Peare,speareh@tiny.cc,637-487-9389,5 Sundown Street,Karabas,,,5/2/1916
19,Link,Outhwaite,louthwaitei@eventbrite.com,905-184-4483,17814 Scott Terrace,El Calvario,OAX,68213,2/16/1995
20,Kristy,Hewes,khewesj@cnet.com,337-399-0604,56261 Homewood Center,Sa Pá,,,1/15/1982
21,Glen,O' Shea,gosheak@shinystat.com,621-672-4852,65 Marquette Parkway,Loma Alta,TAM,87605,12/27/1929
22,Bald,Willbourne,bwillbournel@scribd.com,426-765-1867,86 Meadow Ridge Court,Stuttgart,BW,70567,1/11/2022
23,Adan,Croyden,acroydenm@columbia.edu,210-158-9039,74385 Golf View Avenue,Bansalan,,8005,10/5/1966
24,Isahella,Matthessen,imatthessenn@bigcartel.com,844-282-0376,783 Green Ridge Plaza,Prostki,,19-335,1/18/1980
25,Phelia,Scambler,pscamblero@sciencedaily.com,970-481-5649,02 Autumn Leaf Place,Wang Noi,,13170,7/30/1976
26,Valida,Eddy,veddyp@webs.com,243-191-3152,44431 Morningstar Drive,El Peñol,,522088,3/16/1970
27,Lenci,Oels,loelsq@blog.com,303-448-5813,4 Hagan Park,Denver,CO,80204,10/19/1916
28,Donnie,Pavel,dpavelr@pcworld.com,245-773-6207,8 Talisman Road,Ilagan,,3300,2/20/1974
29,Stearne,Chitter,schitters@comcast.net,443-377-6497,1369 Troy Terrace,Lluka e Eperme,,,3/1/1985
30,Petunia,Shallcrass,pshallcrasst@cnet.com,232-621-1126,539 Lake View Drive,Tanbu,,,2/21/1939
31,Giffer,Ianiello,gianiellou@sitemeter.com,875-200-1281,14892 Prentice Pass,Nova Era,,35920-000,1/1/1948
32,Aksel,Brandenburg,abrandenburgv@squarespace.com,968-779-1109,788 Bowman Place,Yun’an,,,1/29/1926
33,Mata,McGillacoell,mmcgillacoellw@scientificamerican.com,235-429-9942,2770 Dwight Court,Buenavista,,8601,10/21/1914
34,Marji,Gauford,mgaufordx@multiply.com,168-855-5199,21243 Florence Park,Dumlan,,8119,1/17/1954
35,Harmonia,Stancliffe,hstancliffey@skype.com,577-704-9539,8 Chinook Circle,Yanxi,,,9/19/1961
36,Duncan,Howieson,dhowiesonz@privacy.gov.au,690-648-2533,555 Fairview Park,Västervik,H,593 35,11/27/1943
37,Addie,Gillet,agillet10@canalblog.com,739-711-9814,927 Burning Wood Drive,Villamaría,,176008,10/16/1964
38,Winnah,Wilks,wwilks11@cornell.edu,644-759-5015,70 Clove Court,Zheleznogorsk,,662970,9/5/1970
39,Harlene,Romeril,hromeril12@51.la,990-864-5408,1345 Derek Trail,Arendal,09,4857,9/14/2019
40,Marcile,Breckell,mbreckell13@1688.com,353-824-2815,8 Center Parkway,Rivera,,413008,1/5/1947
41,Lisa,Minogue,lminogue14@microsoft.com,967-997-8274,1 Moulton Park,Ŭiju,,,7/7/1906
42,Eachelle,McGeneay,emcgeneay15@shinystat.com,415-777-3458,10 Hauk Drive,Vingåker,D,643 92,7/16/2021
43,Amata,Alwen,aalwen16@whitehouse.gov,935-527-5445,325 Glacier Hill Park,Gzy,,06-126,11/24/1947
44,Rory,Coucha,rcoucha17@google.com.hk,960-166-4711,17 Charing Cross Road,Youhao,,,4/23/2015
45,Archaimbaud,Winchurst,awinchurst18@icq.com,300-574-2197,92753 Loftsgordon Center,Sumurgayam,,,12/17/1902
46,Merola,Lease,mlease19@unicef.org,751-328-1882,4 Banding Center,Kajatian,,7407,4/4/2013
47,Benita,Askham,baskham1a@bluehost.com,231-232-2195,00 Bay Lane,Jinrongjie,,,6/26/1929
48,Beatrice,Lowerson,blowerson1b@illinois.edu,434-354-3539,1 Tennyson Road,Nangabere,,,2/2/2006
49,Neala,Feek,nfeek1c@wiley.com,834-809-7938,1 Village Drive,Huambo,,,12/28/1926
50,Barrie,Standish-Brooks,bstandishbrooks1d@ning.com,675-438-4197,78 Iowa Road,Awgu,,,6/4/1930
51,Emmott,Danilchik,edanilchik1e@google.com.br,135-342-1303,09 Dexter Hill,Mtubatuba,,3940,12/16/2017
52,Jo,Kinkaid,jkinkaid1f@usgs.gov,662-977-0320,4537 Stone Corner Street,Bodiosa a Velha,18,3515-517,6/22/2012
53,Janek,Butterfint,jbutterfint1g@moonfruit.com,785-756-8609,85205 Becker Pass,Serra,13,4575-069,11/27/1971
54,Milo,McCrae,mmccrae1h@baidu.com,825-444-5711,1 West Lane,Vân Canh,,,6/1/2002
55,Lora,Georgeon,lgeorgeon1i@drupal.org,647-630-5634,3 Burning Wood Plaza,Nāgarpur,,1938,6/29/1938
56,Valina,Lunge,vlunge1j@google.com.br,682-719-2257,39 Crowley Center,Berkovitsa,,3500,4/27/1980
57,Rolf,Master,rmaster1k@bbc.co.uk,736-355-6602,74543 Schmedeman Lane,Kalinovo,,624127,7/7/1982
58,Lorrie,Peinton,lpeinton1l@google.com,182-168-4160,7077 Orin Street,Lucapon,,1114,8/8/1943
59,Lisha,Cottell,lcottell1m@dot.gov,712-903-7954,1 Harper Parkway,Omaha,NE,68134,11/7/1907
60,Shellysheldon,Giffon,sgiffon1n@netlog.com,940-534-4676,204 Morrow Crossing,Gonzalo,,11404,11/3/2022
61,Adela,Geekin,ageekin1o@mail.ru,431-521-0321,6533 Everett Court,Grammatikó,,,7/19/1956
62,Larine,Ryhorovich,lryhorovich1p@deviantart.com,658-869-4853,991 Merrick Crossing,Randegan,,,5/6/1996
63,Norma,Castanyer,ncastanyer1q@cmu.edu,614-196-9606,3078 Duke Terrace,Malasiqui,,2421,1/6/1912
64,Woodrow,Norwell,wnorwell1r@cloudflare.com,477-182-4044,4736 Schmedeman Parkway,Gložan,,,4/26/1901
65,Ulises,Hawick,uhawick1s@is.gd,935-518-2677,239 Barnett Street,Spárti,,,7/4/1935
66,Georgi,Kivell,gkivell1t@angelfire.com,200-534-7314,09 Dexter Place,Warungpeuteuy,,,8/13/1948
67,Sena,Beet,sbeet1u@zimbio.com,405-891-7682,52 Superior Trail,Oklahoma City,OK,73142,3/25/1900
68,Casar,Chalcraft,cchalcraft1v@joomla.org,105-689-2186,509 Lawn Plaza,Palmar de Varela,,083087,9/27/1909
69,Nollie,Franca,nfranca1w@businessinsider.com,616-142-8342,991 8th Alley,Fusagasuga,,252219,5/22/1978
70,Minta,Ramelet,mramelet1x@posterous.com,647-717-7580,17 Mariners Cove Court,Shuikou,,,10/21/1978
71,Hugh,Lilie,hlilie1y@clickbank.net,633-333-2838,96081 Buena Vista Lane,Çobansığnaq,,,6/8/1994
72,Dionisio,Malkinson,dmalkinson1z@fda.gov,418-284-2998,1822 Johnson Drive,Moscow,,368222,9/9/1936
73,Richie,Georger,rgeorger20@about.me,123-738-1617,8472 Pepper Wood Trail,Belene,,5930,5/23/1989
74,Gusella,Ozelton,gozelton21@miibeian.gov.cn,924-730-9906,31 Haas Drive,Yanjiang,,,6/30/1959
75,Valerie,Luca,vluca22@nih.gov,916-868-9559,857 Acker Lane,Tanahmerah,,,12/23/1952
76,Frankie,Umney,fumney23@gmpg.org,307-597-8955,2160 Troy Way,Troitsk,,142191,6/14/1978
77,Lyle,Rubinek,lrubinek24@geocities.com,817-322-9457,7 Corry Park,Xixiang,,,7/6/1974
78,Smith,Mosconi,smosconi25@cbc.ca,862-640-9570,52 Jay Alley,Manzherok,,649113,3/19/1900
79,Aleta,Relton,arelton26@weebly.com,773-570-3915,3 6th Street,Imbituva,,84430-000,5/20/2015
80,Conrado,Vassman,cvassman27@mapquest.com,397-188-7932,4753 International Point,Vellinge,M,235 36,4/25/1993
81,Mabel,Lanfranchi,mlanfranchi28@meetup.com,762-934-5114,8 Mendota Terrace,Krajan Alastengah,,,1/25/1956
82,Ivan,Edgeley,iedgeley29@live.com,258-209-8217,899 Sage Street,Nueve de Julio,,3606,9/26/1951
83,Philomena,Romney,promney2a@phpbb.com,174-649-7098,58 Scott Plaza,Södra Sandby,M,247 25,1/31/2014
84,Chickie,Lapthorn,clapthorn2b@harvard.edu,272-617-3170,9 Sundown Place,Nueve de Julio,,3606,5/30/1986
85,Lizzy,Stefanovic,lstefanovic2c@1und1.de,510-749-3544,1692 Bartelt Trail,Koufália,,,10/18/1903
86,Jerrie,Le Blond,jleblond2d@usa.gov,595-541-4110,1975 Northland Hill,Queimados,,26300-000,2/21/2018
87,Ilene,Drewet,idrewet2e@meetup.com,828-557-2622,2 Moland Circle,Kodyma,,,6/14/1906
88,Meredeth,Chatfield,mchatfield2f@joomla.org,404-632-7522,38801 Hallows Lane,Lawrenceville,GA,30045,5/2/1921
89,Vallie,Gouldstraw,vgouldstraw2g@china.com.cn,511-146-1441,588 Ilene Drive,Massenya,,,4/5/1994
90,Modesty,Ashforth,mashforth2h@so-net.ne.jp,937-237-4738,4060 Fuller Terrace,Klos,,,11/30/1917
91,Tina,Norcliffe,tnorcliffe2i@archive.org,312-746-5002,821 Northland Junction,Ar Ruţbah,,,2/16/1912
92,Webster,De Minico,wdeminico2j@elegantthemes.com,404-525-9318,605 Havey Crossing,Cumming,GA,30130,12/14/1914
93,Irwin,Thurbon,ithurbon2k@census.gov,905-265-3934,78 Moose Park,Zhuli,,,5/20/1961
94,Rufe,Duran,rduran2l@opera.com,414-187-2725,1 Cottonwood Road,Long Loreh,,,2/22/1958
95,Janice,Mathan,jmathan2m@house.gov,228-205-9895,44 Oak Center,Muxagata,09,5150-304,9/4/1922
96,Mikkel,Wadwell,mwadwell2n@china.com.cn,222-425-9908,85 Badeau Court,Bordeaux,97,33911 CEDEX 9,6/7/1939
97,Augusto,Woodgate,awoodgate2o@liveinternet.ru,808-185-8558,889 Randy Park,Rennes,A2,35076 CEDEX 9,1/21/1936
98,Arly,Cogar,acogar2p@diigo.com,368-704-7958,88 Commercial Lane,Železná Ruda,,340 04,3/14/1974
99,Wilhelmina,Betz,wbetz2q@people.com.cn,895-615-7878,81442 Steensland Center,Xianju,,,10/7/2011
100,Lorrie,Coslett,lcoslett2r@php.net,559-994-3626,292 Golf View Hill,Tacheng,,,7/21/1922
101,Leonanie,Ensten,lensten2s@histats.com,983-542-2454,92 Swallow Hill,Borås,O,504 37,2/21/1930
102,Melania,Sainteau,msainteau2t@biblegateway.com,877-775-9510,03 Banding Drive,Tékane,,,2/17/2013
103,Dur,Gedge,dgedge2u@europa.eu,316-781-4801,5 Independence Crossing,Sajan,,,1/19/2010
104,Conney,Bryde,cbryde2v@microsoft.com,926-830-2420,32924 Evergreen Avenue,Nauchnyy Gorodok,,656910,1/16/1989
105,Malynda,Corrington,mcorrington2w@unesco.org,589-742-1062,10 Lawn Lane,Nyimba,,,3/20/1958
106,Raimundo,Leys,rleys2x@rambler.ru,315-603-0922,06137 Sauthoff Crossing,Baqiu,,,2/11/1915
107,Lanette,Sibyllina,lsibyllina2y@arizona.edu,147-399-7552,3 Larry Parkway,Vyshniy Volochëk,,601803,8/26/1935
108,Lennie,Loddy,lloddy2z@dion.ne.jp,845-675-2935,38 Eastlawn Drive,Baisha,,,12/7/1914
109,Stafani,Higbin,shigbin30@squarespace.com,268-747-5904,0 Meadow Ridge Center,Rovira,,733048,9/13/1970
110,Matthias,Bachman,mbachman31@simplemachines.org,337-695-8846,87906 Beilfuss Point,Kobylí,,691 10,5/6/1908
111,Mariya,Goldhawk,mgoldhawk32@intel.com,912-205-5438,39217 Sundown Terrace,Ghāro,,73210,4/16/1974
112,Rubie,Morsey,rmorsey33@ask.com,983-369-0542,241 Amoth Circle,Sekartaji,,,5/19/1995
113,Leigh,Suarez,lsuarez34@springer.com,350-450-9439,37135 Debra Junction,Lengkongbarang,,,4/4/1958
114,Koenraad,Mudd,kmudd35@elegantthemes.com,142-200-5303,3 Clemons Pass,Smyków,,26-212,7/18/1918
115,Sarine,Pasterfield,spasterfield36@whitehouse.gov,549-316-8742,57 Corben Avenue,Ningxin,,,2/6/1948
116,Leia,Miko,lmiko37@economist.com,171-574-8965,83661 Kennedy Avenue,Potrerillos Arriba,,,11/18/1944
117,Constantia,Shirt,cshirt38@wp.com,333-776-7801,8392 Dapin Court,Cimuncang,,,3/17/1980
118,Gwenneth,Benge,gbenge39@yale.edu,883-482-6008,2 Mitchell Pass,Digdig,,9318,11/20/2006
119,Jacques,Gelsthorpe,jgelsthorpe3a@patch.com,226-306-0018,38 Moland Center,Kaduy,,162510,7/7/1966
120,Glyn,Hartles,ghartles3b@about.com,124-363-3447,314 Atwood Lane,Tassin-la-Demi-Lune,B9,69814 CEDEX,4/15/1961
121,Vladimir,Hawkyens,vhawkyens3c@altervista.org,332-249-3871,667 Spohn Center,Szczecin,,71-899,11/9/1965
122,Rogers,Kastel,rkastel3d@networksolutions.com,898-854-6220,3 Acker Trail,Xiajiashan,,,3/27/1904
123,Dasi,Hubball,dhubball3e@shop-pro.jp,814-775-1378,99 Karstens Trail,Erie,PA,16550,6/24/1974
124,Borden,Brokenshire,bbrokenshire3f@china.com.cn,174-479-7507,731 Hoffman Lane,Totolan,,6346,6/22/1919
125,Brantley,Caddell,bcaddell3g@cam.ac.uk,292-553-1144,89917 Corben Terrace,Krasnoye,,385232,4/2/1939
126,Kimble,Beranek,kberanek3h@yellowpages.com,223-528-1809,7678 Judy Plaza,Bilyarsk,,422920,5/14/1906
127,Ashley,Bellay,abellay3i@tinyurl.com,524-640-4515,2 Arkansas Park,Neofbaun,,,12/15/2004
128,Dedie,Neat,dneat3j@about.me,904-742-5420,76523 Mesta Drive,Kelīshād va Sūdarjān,,,8/3/1956
129,Gaby,Edgeworth,gedgeworth3k@godaddy.com,603-899-0775,0 Marquette Parkway,Mulandoro,,,2/13/1924
130,Milka,Vasyunin,mvasyunin3l@irs.gov,453-522-3430,55783 Tomscot Alley,Allealle,,,7/19/2022
131,Nara,Endicott,nendicott3m@moonfruit.com,590-285-2557,84 Graedel Drive,Yuhuangding,,,4/21/1957
132,Arlen,Melville,amelville3n@bloglovin.com,831-447-0152,527 Butternut Road,Selianítika,,,4/18/1999
133,Lammond,Philpotts,lphilpotts3o@google.fr,928-591-8176,971 Meadow Vale Hill,Guayaramerín,,,8/8/1945
134,Alexandra,Waterfall,awaterfall3p@indiatimes.com,513-729-9771,08 Sheridan Pass,Shangyang,,,5/24/1996
135,Raimundo,Ventura,rventura3q@barnesandnoble.com,968-737-5884,7 School Park,Trondheim,16,7425,6/21/1936
136,Renato,Rannigan,rrannigan3r@admin.ch,809-703-6904,67009 Hazelcrest Way,La Libertad,,,9/21/1923
137,Giorgia,Topp,gtopp3s@tmall.com,459-235-1687,0109 Corben Way,Tiedonglu,,,7/6/1960
138,Kalinda,Bohlsen,kbohlsen3t@earthlink.net,460-770-7308,118 Eliot Court,Yamango,,,7/29/1994
139,Thor,Mainstone,tmainstone3u@plala.or.jp,458-460-9910,53782 Sage Drive,Lyubashivka,,,5/29/1980
140,Cammy,Hinder,chinder3v@ca.gov,148-241-4539,88 Claremont Parkway,Kuala Lumpur,KUL,50923,6/8/2005
141,Pierette,Siebert,psiebert3w@spiegel.de,132-545-2429,05471 Autumn Leaf Alley,Jianghua,,,3/7/1990
142,Tiffani,Cookley,tcookley3x@irs.gov,676-935-3239,3129 Clemons Hill,Krasnokholm,,461360,12/26/1949
143,Ellene,Wyllcocks,ewyllcocks3y@google.fr,998-802-4123,01268 Iowa Circle,Kaiaf,,,2/26/1982
144,Ario,Scottrell,ascottrell3z@answers.com,336-574-7124,9 Linden Court,Wairinding,,,2/10/1927
145,Trever,Kochl,tkochl40@admin.ch,490-633-2460,8142 Hoard Hill,Jermuk,,,1/26/1907
146,Quintilla,Stiegars,qstiegars41@cyberchimps.com,731-426-3959,11207 David Pass,Plandi,,,10/31/1947
147,Odilia,Francescozzi,ofrancescozzi42@java.com,633-650-5643,71 Waubesa Plaza,Rouen,A7,76926 CEDEX 9,6/4/1987
148,Garry,Scruby,gscruby43@constantcontact.com,502-301-0244,31 Fulton Crossing,Hoogeveen,01,7909,12/1/1967
149,Baird,Gathwaite,bgathwaite44@mozilla.com,852-950-8431,6295 Vera Way,Skara,O,532 24,6/28/2005
150,Tally,Ciotto,tciotto45@1688.com,873-974-6979,0 Heath Park,Créteil,A8,94024 CEDEX,3/25/2006
151,Etheline,Uc,euc46@answers.com,500-956-4550,47 Eastwood Avenue,Hadžići,,,2/1/1943
152,Udell,Rosenzwig,urosenzwig47@youku.com,817-104-4095,0146 Stoughton Center,Agua Blanca,,22004,9/8/1968
153,Kendricks,Williment,kwilliment48@toplist.cz,953-231-1604,881 Gateway Alley,Pacov,,571 01,7/5/1923
154,Bone,Thame,bthame49@sun.com,283-567-2569,95 Gina Alley,Bangrat,,,3/25/2007
155,Adria,Tarzey,atarzey4a@columbia.edu,139-147-8938,03 Carioca Park,Makrychóri,,,12/29/1913
156,Darla,Magner,dmagner4b@parallels.com,610-203-5823,664 Stephen Pass,Belos Ares,13,4650-304,5/25/1959
157,Granthem,Saffran,gsaffran4c@blogger.com,301-592-2483,7248 Florence Lane,Andkhōy,,,4/20/1957
158,Cy,Babst,cbabst4d@ucla.edu,786-267-2222,15 Spohn Parkway,Jiucaizhuang,,,9/15/1943
159,Shaun,Nannizzi,snannizzi4e@amazon.com,855-704-7808,9 Dorton Point,Sugcad,,1427,3/8/2020
160,Amaleta,Espasa,aespasa4f@marriott.com,522-978-4301,01456 Armistice Point,Lipnica Wielka,,34-483,3/24/1948
161,Kathryne,Thoma,kthoma4g@google.nl,981-768-4125,8481 Sutteridge Circle,Ādilpur,,65111,2/4/1928
162,Wolfy,Davidovicz,wdavidovicz4h@theatlantic.com,412-319-7933,2 Arizona Point,Wonotirto,,,11/20/1914
163,Mariette,Gooder,mgooder4i@behance.net,539-432-5131,0471 Melody Center,Raglan,,3297,8/27/1953
164,Kriste,Lissandri,klissandri4j@hud.gov,507-941-1292,97 Butterfield Junction,Thị Trấn Sìn Hồ,,,5/17/1933
165,Ramsay,Mayall,rmayall4k@friendfeed.com,532-395-1195,94 Corscot Parkway,Tala,,,5/14/1912
166,Kata,Orringe,korringe4l@prnewswire.com,570-353-3440,365 Brentwood Pass,New Sibonga,,8105,4/4/1956
167,Emlyn,Mapples,emapples4m@ca.gov,201-202-3985,5 Westport Alley,Budapest,BU,1035,3/2/1986
168,Korney,Stronghill,kstronghill4n@nyu.edu,480-492-8023,1 Village Green Plaza,Palmeiros,10,2440-191,8/4/2006
169,Dorri,Brownsword,dbrownsword4o@hostgator.com,912-715-7510,30422 Hudson Center,Otavi,,,12/19/2002
170,Bobbye,Milleton,bmilleton4p@dell.com,856-564-4052,282 Moose Hill,Longquan,,,11/27/1932
171,Dorie,Lepper,dlepper4q@princeton.edu,344-990-5932,1 Trailsway Plaza,Xixia,,,11/24/1959
172,Allegra,Simukov,asimukov4r@blogs.com,534-697-2228,442 Heffernan Plaza,Arcos,18,5120-040,6/9/1933
173,Aline,Wichard,awichard4s@craigslist.org,268-949-6379,15827 Crownhardt Point,Książki,,87-222,7/8/1911
174,Hube,Colquhoun,hcolquhoun4t@reuters.com,192-371-9814,1175 Bonner Court,Yelyzavethradka,,,12/1/1935
175,Mychal,Lackham,mlackham4u@google.com,129-844-8383,71113 Del Sol Junction,Zhongying,,,6/16/1914
176,Crin,Di Claudio,cdiclaudio4v@dyndns.org,570-407-6318,53 Burning Wood Parkway,Sihanoukville,,,7/1/1983
177,Rae,Meldon,rmeldon4w@theglobeandmail.com,704-409-2623,12480 Thackeray Way,Mount Pearl,NL,A1N,12/22/1967
178,Rodger,Liff,rliff4x@vimeo.com,476-954-7226,7917 Welch Trail,Ramos West,,3309,10/1/1937
179,Hollis,Cloute,hcloute4y@thetimes.co.uk,292-754-9025,572 Declaration Drive,Kalāt-e Nāderī,,,2/10/2007
180,Aggi,Yashanov,ayashanov4z@dmoz.org,515-321-3593,18948 Bunting Drive,Xiaping,,,6/19/1958
181,Zena,Gayden,zgayden50@examiner.com,729-852-8805,1482 Haas Drive,Gostyń,,63-816,7/5/1970
182,Gill,Angeau,gangeau51@webs.com,742-492-7605,095 Straubel Lane,Chornobay,,,8/12/1913
183,Tabb,Arman,tarman52@taobao.com,499-127-1626,472 Graedel Center,Cabak Satu,,,6/29/1960
184,Hartwell,Hallums,hhallums53@printfriendly.com,448-742-4363,2434 Sullivan Point,Roma,LZ,00174,2/4/1935
185,Winny,Lecordier,wlecordier54@webeden.co.uk,289-467-5828,330 Farragut Plaza,Shihuiyao,,,1/5/1996
186,Graham,Knoton,gknoton55@slideshare.net,383-673-4935,7391 Jay Lane,Shuangbaiyang,,,5/24/1911
187,Sloane,Daudray,sdaudray56@noaa.gov,795-102-4608,8 5th Park,Vyborg,,188919,1/1/1927
188,Roselin,Barneveld,rbarneveld57@harvard.edu,778-262-1615,0 Texas Crossing,Tarnowiec,,38-204,7/16/1995
189,Maddalena,Borrott,mborrott58@cnbc.com,812-756-8611,831 Amoth Parkway,Vsevolozhsk,,188649,4/3/1964
190,Nappie,Jaouen,njaouen59@last.fm,975-450-6699,51 Cordelia Place,Borisova Griva,,188674,3/9/1923
191,Mala,Somerton,msomerton5a@imdb.com,789-506-7612,3 Londonderry Court,Paris 15,A8,75509 CEDEX 15,5/26/1999
192,Buffy,Edden,bedden5b@over-blog.com,505-151-2347,30376 Cherokee Plaza,Volgodonsk,,347395,4/25/2021
193,Preston,Noury,pnoury5c@jiathis.com,477-188-2058,88 Reindahl Lane,Badovinci,,,9/19/1972
194,Raynell,Beardsall,rbeardsall5d@wikia.com,225-511-8051,960 Iowa Road,Victoria,,VCT,2/14/1929
195,Nealon,Lancetter,nlancetter5e@youtube.com,923-505-2872,755 Grayhawk Place,Otoka,,,7/28/1947
196,Shanan,Janodet,sjanodet5f@si.edu,302-616-5693,41 Dakota Street,Kajatian,,7407,3/16/1919
197,Shadow,Ridolfi,sridolfi5g@time.com,274-632-8485,88 Eliot Hill,Minji,,,9/2/1901
198,Marcille,Barabisch,mbarabisch5h@php.net,769-266-3074,431 Brentwood Court,Bolkhov,,303158,11/27/2002
199,Svend,Heugle,sheugle5i@google.co.uk,382-422-1408,013 Main Terrace,Gechuan,,,3/31/1995
200,Marietta,Birden,mbirden5j@jalbum.net,657-488-7493,477 Bartillon Center,Velký Újezd,,783 55,8/29/1960
201,Herminia,Dand,hdand5k@princeton.edu,742-599-1055,5729 Daystar Pass,Wenchang,,,11/17/1918
202,Bellina,Morrieson,bmorrieson5l@google.es,258-317-5175,86 Upham Drive,Carvoeira,11,2655-034,12/12/1937
203,Nike,Morrish,nmorrish5m@google.ru,221-764-9697,55 Lerdahl Street,Rouen,A7,76029 CEDEX,9/20/1949
204,Bryanty,Savege,bsavege5n@seattletimes.com,497-734-7757,58 Pennsylvania Park,Šuto Orizare,,1040,5/25/1971
205,Perl,Highway,phighway5o@opensource.org,319-728-2867,14 Kings Park,Kobylanka,,73-108,10/28/1968
206,Clemence,Orth,corth5p@indiegogo.com,253-426-4945,0 Surrey Drive,Jidd Ḩafş,,,6/19/1954
207,Rafi,Turbill,rturbill5q@1und1.de,237-581-5144,8878 Jenifer Lane,Kozmice,,747 11,8/17/1964
208,Martynne,Byron,mbyron5r@de.vu,271-818-5784,49391 Kennedy Alley,Buka,,,1/3/1979
209,Denise,Scamal,dscamal5s@woothemes.com,636-541-1060,12898 Express Avenue,Wum,,,8/22/1934
210,Deborah,Bramhall,dbramhall5t@china.com.cn,548-227-5184,0659 3rd Pass,Buawan,,9025,6/30/1921
211,Brenda,Callingham,bcallingham5u@smugmug.com,259-847-1265,07346 Leroy Point,Minador do Negrão,,57615-000,10/16/1966
212,Cinderella,Chatten,cchatten5v@discovery.com,844-816-6074,497 Summer Ridge Trail,Trångsund,AB,142 82,6/14/2011
213,Pierson,Cheater,pcheater5w@msu.edu,557-396-6593,18 Cascade Junction,Visconde do Rio Branco,,36520-000,10/28/1916
214,Mitchell,Scoular,mscoular5x@sakura.ne.jp,269-405-8049,8 Onsgard Lane,Bulakbanjar,,,6/4/1993
215,Tina,Madgwick,tmadgwick5y@pcworld.com,607-741-6656,0 Sutherland Street,Lafia,,,7/26/1990
216,Lexie,Biermatowicz,lbiermatowicz5z@intel.com,661-395-6267,20 Vernon Drive,Sapang Buho,,5211,5/6/1975
217,Fonsie,Bruffell,fbruffell60@homestead.com,373-907-1198,9880 Aberg Park,Shiqiao,,,3/22/2021
218,Cilka,Markova,cmarkova61@parallels.com,484-853-6271,668 Warner Alley,Vila Nova Sintra,,,9/22/1911
219,Ira,Westmerland,iwestmerland62@irs.gov,706-144-8094,4 Luster Trail,Vällingby,AB,162 66,3/20/1945
220,Alyss,Roddick,aroddick63@barnesandnoble.com,749-464-1796,237 Farwell Drive,Lysá nad Labem,,289 22,11/6/1910
221,Tedda,Bestwall,tbestwall64@ted.com,699-768-4303,8623 Dunning Lane,Lysyanka,,,10/10/1977
222,Paco,Crandon,pcrandon65@miitbeian.gov.cn,545-607-2683,8304 Hoffman Alley,Condoroma,,,4/22/1934
223,Drusi,Heathfield,dheathfield66@theglobeandmail.com,123-276-0946,4 Moland Center,Qihama,,,2/18/1906
224,Dotty,Bulleyn,dbulleyn67@de.vu,607-648-2971,62585 Caliangt Junction,Paungde,,,8/12/1919
225,Kaylyn,Lindeboom,klindeboom68@exblog.jp,991-887-7438,570 Novick Avenue,Huayang,,,1/9/1916
226,Darn,Scryne,dscryne69@businessweek.com,471-216-2389,6370 Sugar Road,Pop Shahri,,,10/31/2003
227,Theda,Gilstin,tgilstin6a@boston.com,768-994-3559,34330 Susan Park,Rende,,,6/9/1939
228,Claudetta,McIlreavy,cmcilreavy6b@google.fr,104-723-5170,57 Becker Plaza,Dvin,,,5/15/1983
229,Nelie,Batchelder,nbatchelder6c@goo.ne.jp,769-467-5884,8 Rusk Place,Keelung,,,11/9/1979
230,Margaretta,Baulch,mbaulch6d@ft.com,255-320-7183,716 Loomis Terrace,Toyoshina,,399-8205,6/29/1943
231,Marya,Odger,modger6e@paginegialle.it,223-355-8741,96282 Russell Drive,Pulupandan,,6102,11/25/1962
232,Abramo,Gilchriest,agilchriest6f@prnewswire.com,574-530-6902,52 Farwell Lane,Candon,,2709,5/19/1905
233,Tyson,Pizzie,tpizzie6g@bandcamp.com,119-968-0869,15590 5th Road,Issy-les-Moulineaux,A8,92782 CEDEX 9,7/2/1923
234,Engracia,Quarless,equarless6h@hao123.com,852-782-4577,83 Main Hill,Gyōda,,369-0137,1/25/1913
235,Kizzie,Haulkham,khaulkham6i@hostgator.com,597-436-8528,491 Monument Place,Gweru,,,10/21/1910
236,Percy,Jakeman,pjakeman6j@slideshare.net,456-143-0765,80 Briar Crest Hill,Chuncheng,,,6/5/1916
237,Biddie,Janku,bjanku6k@domainmarket.com,992-269-4269,0 Di Loreto Plaza,Shiozawa,,989-0842,5/17/1909
238,Kalli,Eade,keade6l@archive.org,622-550-8134,57 Forest Run Plaza,Shenzhong,,,6/17/1964
239,Jodi,Rothchild,jrothchild6m@canalblog.com,214-750-0113,271 Vera Crossing,Dallas,TX,75397,10/9/1979
240,Yetta,Swayne,yswayne6n@desdev.cn,834-521-4884,2 Elgar Street,Íos,,,8/25/1930
241,Ali,Fairs,afairs6o@dyndns.org,674-982-4635,0611 Mitchell Plaza,Shushicë,,,10/30/1994
242,Ursa,McIndrew,umcindrew6p@bigcartel.com,628-970-2046,987 Cardinal Lane,Nuevo Arraiján,,,5/14/2008
243,Hyman,Hanretty,hhanretty6q@mashable.com,978-722-7839,8880 Superior Circle,Ekasapta,,,2/19/1944
244,Allen,Leversuch,aleversuch6r@marketwatch.com,618-744-0894,8356 Straubel Avenue,São Pedro,,13520-000,12/27/1980
245,Edin,Cicco,ecicco6s@phpbb.com,327-480-8572,86 Haas Park,Pamoyanan,,,4/30/2011
246,Zsazsa,St. Pierre,zstpierre6t@oaic.gov.au,587-201-7564,338 Doe Crossing Avenue,Aikmel,,,1/18/1982
247,Corey,Lougheid,clougheid6u@symantec.com,361-288-8533,42 Maryland Drive,Tunjë,,,4/10/1908
248,Willetta,Stannus,wstannus6v@dropbox.com,407-729-0518,435 West Avenue,Vendas de Galizes,06,3400-498,6/1/1914
249,Kristine,Gercke,kgercke6w@state.gov,236-832-9729,8352 Merchant Drive,Saint-Jean-de-Védas,A9,34435 CEDEX,7/7/1919
250,Law,Ainley,lainley6x@ft.com,405-315-1274,09510 Sauthoff Center,Tianmen,,,4/17/1951
251,Thain,Waight,twaight6y@prweb.com,126-602-5801,88 Forster Street,Brusy,,89-632,7/3/1968
252,Cristin,Filipczynski,cfilipczynski6z@hubpages.com,398-535-4336,0 Crescent Oaks Avenue,Svay Rieng,,,4/18/1970
253,Maddalena,Baudrey,mbaudrey70@boston.com,794-584-9308,9214 Waubesa Place,Nyimba,,,5/15/1953
254,Aurelea,Stolberg,astolberg71@macromedia.com,439-461-0270,59 Drewry Alley,Milton,SCT,AB56,12/19/2000
255,Elysia,Sturge,esturge72@plala.or.jp,148-816-7886,1 Northfield Crossing,Karanyowka,,,8/11/2016
256,Orbadiah,Thrustle,othrustle73@weibo.com,748-492-7601,82 Everett Plaza,Yanwukou,,,1/19/1959
257,Madelena,Melin,mmelin74@desdev.cn,781-189-8670,310 Charing Cross Junction,Farasān,,,11/7/1931
258,Joaquin,Chester,jchester75@sciencedirect.com,242-630-1811,3042 Browning Road,Dengjiang,,,9/17/1992
259,Dallas,Schoenrock,dschoenrock76@google.ru,672-649-5016,94693 Graedel Park,Xiawuqi,,,5/21/2011
260,Guinevere,Gobourn,ggobourn77@techcrunch.com,265-497-5703,89 Merrick Street,Koímisi,,,5/25/1926
261,Melly,Ricard,mricard78@behance.net,537-903-5734,5 Mayfield Way,Butubut Norte,,2517,6/10/1959
262,Lorry,Dibden,ldibden79@netlog.com,288-509-7616,5 Killdeer Road,Priargunsk,,674310,7/8/1904
263,Dillon,Woodvine,dwoodvine7a@eepurl.com,525-673-8488,82 Hallows Avenue,Ya’erya,,,7/18/1998
264,Vincenty,Catonne,vcatonne7b@surveymonkey.com,813-879-5672,764 Dunning Junction,Zephyrhills,FL,33543,3/13/1953
265,Carroll,Acarson,cacarson7c@github.io,151-287-4655,2482 Hovde Alley,Dębowiec,,43-426,5/12/1920
266,Sidonnie,Schwerin,sschwerin7d@cyberchimps.com,480-382-1847,3 Steensland Court,Cap Malheureux,,,5/6/1967
267,Lyndy,Hatfield,lhatfield7e@comcast.net,696-514-7264,451 Westport Pass,Chadong,,,5/1/1909
268,Amelia,Scathard,ascathard7f@infoseek.co.jp,900-921-9664,09313 Lakeland Road,Kauniainen,,02701,2/13/2015
269,Guillermo,Nodes,gnodes7g@flavors.me,976-273-6378,0 Sheridan Alley,Lihu,,,6/21/1929
270,Tommie,Belchambers,tbelchambers7h@google.nl,963-884-1360,845 Toban Park,Xiangshan,,,1/9/1978
271,Garwood,Casale,gcasale7i@github.com,962-735-5469,609 Farmco Park,Kertorejo,,,3/5/1916
272,Celinka,Dye,cdye7j@vk.com,622-865-2073,276 Amoth Avenue,Tayāsīr,,,3/24/1938
273,Desirae,MacLaughlin,dmaclaughlin7k@cam.ac.uk,895-552-2573,7 Sheridan Way,Ningmute,,,5/21/2022
274,Kamillah,Filipowicz,kfilipowicz7l@forbes.com,334-685-4652,83974 Lerdahl Trail,Dakoro,,,1/9/1989
275,Bill,Cowely,bcowely7m@chicagotribune.com,794-837-4542,1120 Kinsman Park,Birigui,,16200-000,7/2/1966
276,Gabriella,Keford,gkeford7n@smh.com.au,109-801-3804,05 Melrose Trail,Połomia,,44-323,5/7/1985
277,Parry,De Dei,pdedei7o@oaic.gov.au,981-246-4112,70 Blaine Park,Dizhai,,,1/15/2008
278,Wallas,Swettenham,wswettenham7p@github.io,377-240-2916,59 Lien Alley,Huillapima,,4726,7/18/2002
279,Ranique,Aliberti,raliberti7q@macromedia.com,762-446-2466,78531 Bonner Plaza,Qiqin,,,1/26/2020
280,Jania,Hatto,jhatto7r@rambler.ru,466-192-2838,25657 Southridge Center,Bafilo,,,3/17/1919
281,Waylen,Eglin,weglin7s@furl.net,841-541-3222,878 Cardinal Road,Maying,,,10/1/1996
282,Tildi,Baron,tbaron7t@va.gov,635-558-2107,68238 Center Avenue,Zhirnovsk,,403793,10/3/1975
283,Rafaelia,McConaghy,rmcconaghy7u@sun.com,103-644-4750,9 Browning Way,Daguyun,,,7/20/1939
284,Athene,Eades,aeades7v@elpais.com,673-203-7190,153 Anhalt Pass,Baixo Guandu,,29730-000,9/21/1922
285,Nataline,Baraja,nbaraja7w@canalblog.com,957-979-7063,68 Clyde Gallagher Way,Machachi,,,8/31/1957
286,Salaidh,Ayrton,sayrton7x@wp.com,596-189-8796,6794 Parkside Trail,Nizhnyaya Omka,,646620,11/14/1952
287,Modestine,Alderton,malderton7y@biglobe.ne.jp,338-281-3400,614 Burrows Crossing,Matsubase,,869-0502,4/18/1998
288,Evania,Gorey,egorey7z@alexa.com,774-513-7776,724 Vera Parkway,Purral,,10807,6/15/1907
289,Angela,Cokayne,acokayne80@foxnews.com,963-315-4252,01753 Fisk Lane,Khotynets,,303930,5/26/1919
290,Esma,Flack,eflack81@prweb.com,707-329-1093,1966 Fremont Avenue,Pradera,,763558,8/6/1919
291,Leroi,Brinkler,lbrinkler82@jimdo.com,995-834-3527,8543 Ryan Avenue,Verkhnye Syn’ovydne,,,8/15/1936
292,Elwood,Sedcole,esedcole83@disqus.com,208-337-4352,864 Oakridge Terrace,Baborów,,48-120,7/21/2017
293,Josiah,Chamberlen,jchamberlen84@pbs.org,294-242-2010,8334 Talisman Alley,Mongu,,,9/15/2003
294,Roxi,Mabon,rmabon85@sogou.com,128-147-8614,7 Harbort Way,Bayan Hure,,,10/3/1921
295,Andres,Laetham,alaetham86@flickr.com,539-977-7901,61 Linden Crossing,Kalangbret,,,2/18/2013
296,Ajay,Okenden,aokenden87@xrea.com,963-583-8647,8145 Maryland Crossing,Roanne,B9,42304 CEDEX,7/29/1912
297,Shandy,Tomaszewski,stomaszewski88@scribd.com,286-455-0922,525 Red Cloud Trail,Betong,,,6/25/1993
298,Chrissie,Brinded,cbrinded89@51.la,788-869-4248,0933 Redwing Hill,Eqbālīyeh,,,1/14/1991
299,Tobias,Hammerberger,thammerberger8a@wordpress.com,669-861-4322,05 Sutteridge Park,Kladi,,,10/7/1943
300,Field,MacIver,fmaciver8b@mapquest.com,271-149-2675,74292 Ludington Point,Cipatat,,,3/24/1900
301,Lucian,Heare,lheare8c@who.int,172-989-4815,0389 Debs Circle,Chase,BC,H4R,3/15/1929
302,Towney,Canfer,tcanfer8d@domainmarket.com,693-513-9830,990 Eastlawn Plaza,Mangochi,,,8/21/2014
303,Zarah,Nimmo,znimmo8e@hao123.com,230-376-2890,830 Moland Hill,Pepe,,,1/6/2001
304,Maddi,Mattusevich,mmattusevich8f@epa.gov,401-324-0078,45796 Bartillon Center,Las Varillas,,5940,6/28/1956
305,Sallyann,Geraldez,sgeraldez8g@nhs.uk,497-688-1238,76 Shopko Way,Chernyanka,,309573,11/30/1931
306,Hugues,Chess,hchess8h@digg.com,595-787-0375,57694 Bluejay Point,Shuangzhong,,,7/23/1962
307,Rubie,Placido,rplacido8i@wiley.com,655-699-3435,838 Monica Parkway,Linshui,,,2/20/1941
308,Shepard,Scading,sscading8j@technorati.com,419-377-8669,426 Sugar Circle,Mabunga,,4307,3/13/1938
309,Wesley,Niles,wniles8k@bbc.co.uk,534-509-3194,7336 Rieder Center,Chanhe,,,2/26/1925
310,Hubert,Benardeau,hbenardeau8l@woothemes.com,352-241-4594,3 Clarendon Park,Goianira,,75370-000,6/2/1939
311,Giraldo,Leng,gleng8m@blog.com,778-711-4694,78924 Barby Plaza,Samobor,,10430,1/10/1996
312,Fran,Grzegorek,fgrzegorek8n@flavors.me,386-135-4544,74459 Bunting Court,Yaodu,,,7/15/1996
313,Lila,MacAlaster,lmacalaster8o@wufoo.com,905-707-4326,9822 Summit Pass,Obodivka,,,3/26/2015
314,Laryssa,MacGorley,lmacgorley8p@digg.com,150-762-2668,3 Lakewood Gardens Parkway,Tripoli,,,11/10/1970
315,Washington,Purkiss,wpurkiss8q@feedburner.com,420-353-0888,7661 Fairfield Point,Shitouhe,,,9/19/1995
316,Coleen,Southam,csoutham8r@sitemeter.com,254-809-6345,426 Hoffman Parkway,Xieyang,,,6/28/2011
317,Berky,Mattielli,bmattielli8s@narod.ru,406-343-8692,3807 Upham Terrace,Xikou,,,3/24/1966
318,Hunfredo,le Keux,hlekeux8t@oaic.gov.au,366-745-7568,7449 Blaine Avenue,Abaza,,655752,10/6/1974
319,Emmett,O'Halligan,eohalligan8u@wikipedia.org,449-971-7466,4 Chive Hill,Butha-Buthe,,,10/18/1976
320,Keenan,Tilbury,ktilbury8v@ibm.com,949-545-2771,94 Drewry Road,Wichit,,83120,12/4/2010
321,Amby,Yanin,ayanin8w@examiner.com,974-212-6961,93906 Lunder Drive,Asahbadung,,,3/9/1927
322,Georas,Boocock,gboocock8x@cnn.com,558-423-3371,09207 Superior Crossing,Yegor’yevsk,,140306,8/15/1907
323,Koo,Cristou,kcristou8y@berkeley.edu,431-108-0895,70863 Schurz Plaza,Xinjie,,,12/16/2013
324,Roana,Georg,rgeorg8z@plala.or.jp,302-384-1879,9 Fallview Junction,San Pedro,,4023,12/31/2000
325,Nathalie,Cressey,ncressey90@psu.edu,580-618-0171,488 Sullivan Way,Shuangqiao,,,11/23/1905
326,Davie,Halleybone,dhalleybone91@pinterest.com,938-599-6353,82 West Drive,Wu’erbu Baolige,,,5/3/1906
327,Drona,Eichmann,deichmann92@msu.edu,319-928-9860,42371 Elka Pass,Chirpan,,6200,11/26/1909
328,Alexine,Rusk,arusk93@noaa.gov,755-630-0123,233 Raven Road,Yutsa,,357380,4/24/1918
329,Tatum,Marco,tmarco94@github.com,521-649-0067,81 Iowa Pass,Vyerkhnyadzvinsk,,,3/10/1959
330,Tessy,Patchett,tpatchett95@netvibes.com,636-729-3283,9253 Oakridge Parkway,Anār Darah,,,11/19/1973
331,Cristal,Murrish,cmurrish96@free.fr,401-898-8776,582 7th Plaza,Barda,,,6/15/2005
332,Rosemonde,Lockett,rlockett97@amazon.de,703-712-9223,322 Messerschmidt Park,Kurmuk,,,10/24/1970
333,Celestyna,Gwinn,cgwinn98@theguardian.com,867-291-1727,001 Sycamore Plaza,Jangas,,,9/30/1918
334,Sheilakathryn,Clarae,sclarae99@tripod.com,128-243-9367,719 Anhalt Street,Wangkung,,,8/29/1977
335,Kora,Clemits,kclemits9a@bbb.org,753-895-1853,53 Mallard Alley,Maonon,,4402,6/26/2007
336,Rycca,Roblou,rroblou9b@google.nl,511-591-3861,3914 Sunbrook Circle,Toulouse,B3,31101 CEDEX 9,9/21/1958
337,Dacie,Riping,driping9c@zdnet.com,471-970-5009,1 Hazelcrest Center,Dorūd,,,7/21/1996
338,Janelle,Bargh,jbargh9d@ifeng.com,916-117-0709,3 Everett Plaza,Krosno Odrzańskie,,66-602,7/22/1969
339,Silvan,Townrow,stownrow9e@dell.com,662-315-6308,98 Mcbride Park,Geji,,,2/3/1926
340,Neville,Curton,ncurton9f@feedburner.com,967-994-2761,1984 Knutson Road,Sattahip,,20180,3/13/1905
341,Archer,Tulley,atulley9g@google.nl,567-881-7206,6630 Declaration Park,Maopingchang,,,10/10/1927
342,Virgil,Farrears,vfarrears9h@theglobeandmail.com,220-206-2625,8532 Dovetail Way,Gongnong,,,12/22/1954
343,Garvy,Karlsson,gkarlsson9i@twitter.com,906-440-5037,75 Dayton Circle,Mufushan,,,2/4/2005
344,Bryan,McCotter,bmccotter9j@google.com.au,615-633-4408,67 Stephen Terrace,Stratónion,,,8/8/1996
345,Augusta,De Biaggi,adebiaggi9k@ow.ly,902-565-2248,15 Hanson Court,Rotunda,,1295,12/5/2002
346,Karlan,Flag,kflag9l@boston.com,897-313-4652,03014 Debs Center,Åstorp,M,265 40,4/5/1937
347,Adi,Karpov,akarpov9m@sogou.com,604-404-3792,9231 Rutledge Trail,Maanĭt,,,5/18/1981
348,Carr,Collins,ccollins9n@deliciousdays.com,282-404-9070,456 Columbus Center,San Fernando,,8711,9/28/1972
349,Valery,Reeder,vreeder9o@moonfruit.com,524-533-7778,287 Loomis Drive,Novopodrezkovo,,143020,6/8/1954
350,Jarrett,Atto,jatto9p@blogs.com,839-936-7608,4 Waubesa Court,Kingston,ENG,DT10,3/31/1907
351,Faythe,Aldwich,faldwich9q@cyberchimps.com,410-762-3806,6072 Upham Junction,Keumala,,,11/2/1990
352,Dolf,Sheron,dsheron9r@fc2.com,631-457-5970,569 Mayfield Park,Curiapo,,,8/1/2021
353,Claybourne,Ingliby,cingliby9s@dagondesign.com,214-582-7646,50 Waywood Parkway,Junaynat Raslān,,,1/14/1940
354,Gretna,Langridge,glangridge9t@weebly.com,522-937-5878,24 Eastlawn Park,Sucre,,,5/11/1976
355,Loralie,Oneile,loneile9u@bizjournals.com,706-172-1948,89308 Oriole Crossing,Brak,,,5/17/1948
356,Broderic,Darter,bdarter9v@pbs.org,969-655-9527,7 Fieldstone Point,Bojnik,,,2/19/1961
357,Robinia,Yashnov,ryashnov9w@patch.com,517-766-2247,1 Atwood Hill,Dangbigih,,,1/10/1930
358,Cacilia,Gatherell,cgatherell9x@tinyurl.com,166-415-1667,66 Fordem Drive,Ticrapo,,,4/15/2019
359,Gwendolyn,Beal,gbeal9y@yelp.com,152-396-9686,936 Cambridge Court,Al Ḩāḑir,,,11/30/2006
360,Thomas,Biles,tbiles9z@soundcloud.com,598-318-4567,1937 Darwin Lane,Ārifwāla,,50770,8/23/1903
361,Arel,Measom,ameasoma0@360.cn,414-741-0389,234 Iowa Plaza,Mzimba,,,9/28/2004
362,Bastian,Tremayne,btremaynea1@aol.com,233-385-3075,853 Cascade Road,Daxing,,,4/3/1915
363,Iosep,Shilton,ishiltona2@samsung.com,703-424-0587,74 Texas Alley,Luchegorsk,,156521,11/22/2013
364,Chrissy,Brigstock,cbrigstocka3@t.co,846-719-6082,387 Jenifer Park,Minbu,,,6/27/1943
365,Morry,Bazell,mbazella4@blogtalkradio.com,242-208-6927,44528 Portage Trail,Kitakyūshū,,822-0003,9/8/1939
366,Kellia,Huske,khuskea5@opera.com,156-639-1910,4374 Basil Junction,Tabuaço,18,5120-384,6/17/1938
367,Orsola,Elce,oelcea6@va.gov,818-870-6231,15 Bonner Road,Yingpu,,,1/13/2016
368,Binnie,Gallafant,bgallafanta7@bloglines.com,170-588-2879,9459 Lyons Pass,Cipadung Timur,,,10/8/2016
369,Mendel,Jantzen,mjantzena8@dion.ne.jp,128-570-8029,6128 Aberg Alley,Santander,CB,39005,11/25/1939
370,Christoffer,Creany,ccreanya9@census.gov,860-228-0307,8828 Katie Lane,Krouna,,539 43,6/13/2022
371,Devi,Vogeler,dvogeleraa@surveymonkey.com,921-358-1330,62 Pleasure Avenue,Tsaghkaber,,,1/11/1987
372,Addie,Bowlesworth,abowlesworthab@prnewswire.com,625-512-6573,928 Blaine Street,Cachí,,4417,5/26/1946
373,Jimmie,Sowrey,jsowreyac@seesaa.net,544-328-5884,06830 Bellgrove Junction,Luohe,,,6/19/1966
374,Barry,Brigstock,bbrigstockad@ezinearticles.com,653-568-8010,9506 Havey Street,Zolotyy Potik,,,5/15/1964
375,Mahala,Perez,mperezae@example.com,297-612-7114,26534 Columbus Street,Pampachiri,,,2/13/1971
376,Elnora,Daviddi,edaviddiaf@skyrock.com,474-524-4767,18249 West Crossing,San Felipe,,,9/20/1962
377,Nefen,Meekings,nmeekingsag@wix.com,492-552-9599,9762 Glendale Point,Longju,,,9/1/1906
378,Rowney,Clemenceau,rclemenceauah@cbsnews.com,702-809-4565,334 Macpherson Center,Las Vegas,NV,89135,12/16/2011
379,Clary,Bridgland,cbridglandai@baidu.com,224-945-7855,8 Erie Court,Eldama Ravine,,,2/5/1963
380,Leif,Cruess,lcruessaj@washingtonpost.com,389-742-4153,82962 Forest Run Alley,Pulau Pinang,PNG,10662,12/13/1999
381,Kamilah,Maier,kmaierak@latimes.com,161-616-1923,9025 Hovde Junction,Rato,,,12/11/2006
382,Clareta,Kardos-Stowe,ckardosstoweal@arizona.edu,974-104-3840,24331 Del Sol Pass,Kalayemule,,,5/27/1979
383,Hillel,Blennerhassett,hblennerhassettam@booking.com,562-349-1770,65332 Charing Cross Hill,Whittier,CA,90610,10/14/1948
384,Ellerey,Rubinovitch,erubinovitchan@aboutads.info,680-321-5021,725 Clarendon Crossing,Zhongyuanlu,,,4/12/2006
385,Yul,Borley,yborleyao@phoca.cz,639-351-1085,2 Carey Street,Kamyzyak,,416345,12/25/1980
386,Arnoldo,Delgado,adelgadoap@twitter.com,353-704-6426,58 Scofield Plaza,Nunchía,,851078,12/12/1915
387,Ravid,Sisneros,rsisnerosaq@bravesites.com,334-725-8717,094 7th Trail,Buenavista,,8601,11/9/1955
388,Silvio,Standingford,sstandingfordar@people.com.cn,391-210-0440,517 Kings Drive,Long Thành,,,2/23/1991
389,Amory,Tinkham,atinkhamas@homestead.com,871-953-6920,1 Toban Circle,Gyumri,,,7/7/1910
390,Keslie,Ayrton,kayrtonat@rakuten.co.jp,320-861-1785,806 Lyons Hill,Wongsorejo,,,4/16/1949
391,Gothart,Leehane,gleehaneau@dedecms.com,237-567-4099,96 Tomscot Lane,Minggang,,,9/6/1914
392,Fay,Baron,fbaronav@irs.gov,846-290-3329,4 Ohio Lane,Haninge,AB,136 44,1/16/1957
393,Gerhardine,Vaneschi,gvaneschiaw@wix.com,943-326-5657,6 Gina Avenue,Foúrnoi,,,11/3/1968
394,Petronia,Badwick,pbadwickax@mashable.com,167-905-7455,33911 Boyd Junction,Goyang-si,,,11/19/2001
395,Palmer,Curm,pcurmay@usgs.gov,513-376-0319,9 Parkside Center,Cincinnati,OH,45228,3/10/1956
396,Jake,Moralas,jmoralasaz@time.com,839-886-4567,4 Onsgard Alley,Houzhai,,,9/3/1939
397,Jacobo,Gerling,jgerlingb0@quantcast.com,555-391-4074,32 Spaight Circle,Molsheim,C1,67124 CEDEX,3/4/1922
398,Lenette,Kenyam,lkenyamb1@bluehost.com,749-448-5112,49 Porter Lane,Gómez,,,7/8/1925
399,Mathilde,Swinnard,mswinnardb2@over-blog.com,764-251-0672,072 Browning Road,Bohutín,,789 62,7/22/2006
400,Codi,Hugonnet,chugonnetb3@blog.com,978-771-7683,00093 Mitchell Pass,Cadiz,AN,11005,6/6/1999
401,Sidney,Britee,sbriteeb4@squarespace.com,796-261-7909,299 Mendota Parkway,Kebonsari,,,8/21/1900
402,Nonnah,Albasiny,nalbasinyb5@yandex.ru,197-811-5387,37167 Stephen Drive,Haligue,,1307,12/24/2011
403,Oran,Lokier,olokierb6@blogspot.com,667-357-3189,18714 Johnson Plaza,Qingshan,,,4/9/1967
404,Janith,Macak,jmacakb7@bbc.co.uk,980-272-7176,8888 Jana Trail,Bugko,,6417,11/25/1928
405,Tana,Jurkiewicz,tjurkiewiczb8@answers.com,602-131-6141,6266 Gulseth Way,Boa Vista,,69300-000,8/26/2006
406,Florance,Camamill,fcamamillb9@cbc.ca,540-171-0342,26 Schiller Parkway,Lokea,,,10/30/2004
407,Fred,Edgeley,fedgeleyba@bizjournals.com,296-730-3235,96 Summit Junction,Jiayi,,,9/23/1952
408,Bartolomeo,Moodie,bmoodiebb@macromedia.com,663-761-4374,484 Scoville Terrace,Kokembang,,,8/5/1997
409,Stefan,Glazier,sglazierbc@redcross.org,402-339-1747,557 Anderson Crossing,Vilémov,,783 22,2/8/1943
410,Enoch,Lawlor,elawlorbd@walmart.com,734-475-4905,108 Del Sol Way,Bala Murghab,,,10/13/1950
411,Clifford,Chart,cchartbe@theguardian.com,493-150-3232,95736 Grayhawk Avenue,El Perico,,,3/19/1960
412,Emanuele,Albury,ealburybf@cpanel.net,697-665-9348,6 Maple Wood Parkway,Shahr-e Bābak,,,3/17/1919
413,Creigh,Cleveley,ccleveleybg@canalblog.com,772-628-2912,06 5th Court,Jubung,,,11/18/1903
414,Bastian,Mitro,bmitrobh@newyorker.com,675-856-1781,1148 Shopko Street,Los Tangos,,,8/5/1939
415,Cecilio,Gentner,cgentnerbi@aol.com,508-932-8620,61299 Lighthouse Bay Crossing,Pueblo Nuevo,,,2/25/2005
416,Simone,Janton,sjantonbj@friendfeed.com,949-845-3916,0 Browning Parkway,Weiqi,,,7/12/1935
417,Eal,Simkovitz,esimkovitzbk@sogou.com,876-591-1825,52218 Emmet Hill,Znojmo,,671 81,10/11/1920
418,Emmerich,Ashbolt,eashboltbl@jiathis.com,858-277-0242,4505 Memorial Terrace,Zhangxi,,,5/14/1944
419,Jemie,Gowler,jgowlerbm@ocn.ne.jp,376-980-6523,73 Golf View Point,Itabirito,,35450-000,11/1/2005
420,Candis,Berrigan,cberriganbn@answers.com,173-434-9365,9583 Badeau Parkway,Cihaladan,,,6/18/1907
421,Violetta,Challenor,vchallenorbo@ow.ly,891-386-4276,994 Dixon Way,Lachute,QC,J8H,5/27/2017
422,Veda,Jzhakov,vjzhakovbp@google.nl,564-885-2634,5309 Westerfield Alley,Miguel Hidalgo,VER,91140,11/20/1965
423,Leora,Lackington,llackingtonbq@xing.com,980-696-8732,186 Donald Way,Zhaodong,,,9/25/1981
424,Ami,Alvey,aalveybr@weebly.com,234-464-0863,636 Lakewood Gardens Way,Steinkjer,17,7712,9/13/1981
425,Sharona,De la Harpe,sdelaharpebs@blogger.com,676-561-6996,60 Warbler Circle,Chaloem Phra Kiat,,40250,8/5/1968
426,Alanah,Lorent,alorentbt@samsung.com,319-271-3485,2 Anderson Road,Ponong,,5040,3/20/1992
427,Hannah,Matchell,hmatchellbu@comcast.net,119-495-9184,21 Gina Hill,Eshan,,,7/21/1931
428,Calli,Darnbrook,cdarnbrookbv@thetimes.co.uk,196-747-5073,6395 Vera Court,Melíssia,,,3/3/1977
429,Dulcy,Fear,dfearbw@cdbaby.com,338-222-8958,7 Darwin Park,Vratsa,,3053,2/12/2010
430,Alexi,Brimicombe,abrimicombebx@rediff.com,652-524-1399,50531 Delladonna Court,Grazhdanskoye,,363104,8/14/1984
431,Antonino,Coarser,acoarserby@hao123.com,863-183-7824,8759 Pepper Wood Avenue,Şaḩneh,,,8/14/1937
432,Claudetta,Seakes,cseakesbz@twitter.com,943-304-4926,3742 Mariners Cove Crossing,Tancheng,,,4/3/1920
433,Brynne,Shiril,bshirilc0@last.fm,574-877-2733,93895 Anderson Place,Orleans,,88870-000,7/20/1999
434,Neale,Warn,nwarnc1@php.net,818-816-7114,811 Little Fleur Place,Cergy-Pontoise,A8,95809 CEDEX,12/17/2006
435,Maudie,Glynn,mglynnc2@prlog.org,327-434-7899,0907 Little Fleur Road,Esperanza,,8513,5/18/2008
436,Maddy,Arpe,marpec3@princeton.edu,885-807-1073,40170 Dexter Parkway,Promissão,,16370-000,9/23/1991
437,Lizette,Danigel,ldanigelc4@sina.com.cn,256-471-5311,8467 Kipling Road,Mariposa,,,2/1/1948
438,Cheri,Shemmin,cshemminc5@paginegialle.it,707-950-8221,005 Graceland Pass,Särö,N,429 42,2/22/1964
439,Randene,Longlands,rlonglandsc6@addtoany.com,260-271-2236,46 Northport Way,Lumbardhi,,,10/18/1930
440,Ashlen,Wolstencroft,awolstencroftc7@wordpress.org,368-373-2739,8 Briar Crest Point,Ust’-Kalmanka,,658150,5/23/1941
441,Jacquette,Petyankin,jpetyankinc8@sourceforge.net,176-314-6670,89635 Waywood Lane,Lille,B4,59034 CEDEX,1/19/1900
442,Ado,Ellcock,aellcockc9@sciencedirect.com,838-435-0344,5250 Cascade Circle,Náchod,,547 01,8/4/1951
443,Quintana,Peizer,qpeizerca@about.me,615-691-2176,11349 Troy Terrace,Fengsheng,,,5/24/1904
444,Amabelle,Aburrow,aaburrowcb@geocities.com,594-633-1999,49650 Dexter Way,Kalej,,42-293,12/25/1952
445,Corny,Lowten,clowtencc@wired.com,708-575-8873,1654 Spohn Alley,Tambakmerak,,,3/24/1949
446,Blinny,Fettis,bfettiscd@wisc.edu,719-394-7581,5 Del Mar Alley,Luoting,,,2/8/1909
447,Dareen,Thew,dthewce@google.com,668-620-7999,9545 Ludington Place,Khān Neshīn,,,4/4/1974
448,Demetri,Tsarovic,dtsaroviccf@techcrunch.com,520-569-3133,44411 Lotheville Lane,Tucson,AZ,85732,11/27/1973
449,Sapphira,Volker,svolkercg@webnode.com,940-142-7629,904 Hoepker Pass,Kotri,,76000,3/18/1924
450,Tobin,Cheavin,tcheavinch@amazon.de,593-649-2561,2500 Pawling Plaza,Bélabo,,,4/25/1911
451,Quent,Hindmoor,qhindmoorci@timesonline.co.uk,844-396-2867,3549 Arizona Parkway,Danderyd,AB,182 34,10/20/1980
452,Dayle,Brennenstuhl,dbrennenstuhlcj@devhub.com,347-363-6424,21 Donald Junction,Moyuan,,,3/5/1920
453,Gabriel,Popov,gpopovck@wp.com,437-778-3108,577 Anniversary Parkway,Šentrupert,,8232,3/8/1951
454,Jane,Weigh,jweighcl@walmart.com,650-863-8709,4 Mariners Cove Pass,Banjar Bucu,,,11/9/1956
455,Henrie,Sherrum,hsherrumcm@google.co.uk,421-688-7315,061 Shoshone Place,Xihe,,,12/5/1974
456,Rodi,Penelli,rpenellicn@hibu.com,585-622-9955,88 Gina Place,Forquilhinha,,88850-000,11/3/2021
457,Lorilyn,Dominighi,ldominighico@google.com.br,389-938-9317,85436 Cherokee Crossing,Xiaoxi,,,5/7/2012
458,Lona,Giffard,lgiffardcp@slideshare.net,469-561-9405,7 Packers Park,Rakai,,,9/30/1933
459,Hermann,Christophers,hchristopherscq@unc.edu,751-276-1282,134 Porter Court,Tayang,,,4/27/1931
460,Chelsey,Jost,cjostcr@dell.com,832-305-8666,48 Crowley Avenue,Quilo-quilo,,4224,8/30/1987
461,Paulo,Josefson,pjosefsoncs@cnet.com,987-387-9814,0 Clarendon Junction,Bonriki Village,,,9/20/1914
462,Cullan,Savatier,csavatierct@dot.gov,214-498-8142,0 Brown Alley,Dallas,TX,75397,10/27/1908
463,Kilian,Craythorne,kcraythornecu@sfgate.com,840-475-9710,24 Oak Valley Lane,Włocławek,,87-822,10/10/1948
464,Heidi,Halliburton,hhalliburtoncv@cbslocal.com,183-587-3781,5 Blackbird Pass,San Jose,CHP,26017,6/29/1934
465,Munroe,Scally,mscallycw@cloudflare.com,500-830-5830,938 Luster Lane,Pak Chong,,30130,8/23/1984
466,Ediva,Wintour,ewintourcx@fotki.com,489-258-8895,439 Ridgeview Alley,Rawa Mazowiecka,,96-201,2/16/1996
467,Kassia,Ireson,kiresoncy@shinystat.com,570-848-9761,161 Eagan Avenue,Scranton,PA,18505,12/10/2002
468,Barn,Engelbrecht,bengelbrechtcz@marketwatch.com,899-479-4987,2300 Forster Park,Pulangbato,,6711,7/22/1979
469,Jacenta,Ivanishev,jivanishevd0@wp.com,637-224-7899,34713 Grasskamp Center,Fílla,,,6/25/1918
470,Carlye,Haslam,chaslamd1@addthis.com,847-860-3111,271 Gale Place,San Joaquin,,5024,2/19/2011
471,Dari,Fownes,dfownesd2@mit.edu,707-666-3816,04 Karstens Terrace,Upper San Mateo,,9406,4/6/1925
472,Mab,Gethings,mgethingsd3@squidoo.com,251-231-9083,90772 Cherokee Park,Mobile,AL,36641,6/16/2011
473,Sadella,Frany,sfranyd4@github.com,666-115-2546,18 Farwell Point,Dashiren,,,11/24/1956
474,Concordia,Jenson,cjensond5@is.gd,325-385-1060,08 Center Lane,Roissy Charles-de-Gaulle,A8,95761 CEDEX 1,5/3/1923
475,Laureen,Arangy,larangyd6@wunderground.com,432-768-0249,92 Moulton Court,Narukan,,,9/29/2015
476,Seumas,Ryman,srymand7@epa.gov,921-699-8832,95 Washington Lane,Palaiochóri,,,8/29/1912
477,Culley,Glazebrook,cglazebrookd8@home.pl,767-859-8703,0770 6th Court,Margita,,,9/30/1965
478,Adriane,Sibbald,asibbaldd9@clickbank.net,311-463-4376,4 Havey Way,Olo,,,7/19/1913
479,Cami,Redsell,credsellda@latimes.com,647-833-1047,62836 Lien Place,Langtou,,,5/16/1914
480,Howard,Fahey,hfaheydb@mac.com,532-381-7354,7044 Mesta Drive,Hüremt,,,5/30/1970
481,Lorin,Dunstall,ldunstalldc@dedecms.com,250-439-5865,4917 Division Alley,Urus-Martan,,366510,11/1/1992
482,Francyne,Muggach,fmuggachdd@yellowbook.com,161-960-0834,33 Pearson Park,Kebonagung,,,12/31/1943
483,Nye,Ayling,naylingde@zimbio.com,179-515-8599,1 Rutledge Point,Enhe Hada,,,5/4/1943
484,Paige,Primo,pprimodf@forbes.com,485-629-2440,60 Bunker Hill Place,Beiping,,,6/8/1939
485,Brit,Connett,bconnettdg@t-online.de,135-462-8734,898 Banding Parkway,Changshu City,,,4/22/1929
486,Luce,Dobbie,ldobbiedh@mysql.com,718-273-7685,50 Ludington Junction,Velagići,,,12/1/1957
487,Donnie,April,daprildi@weebly.com,682-252-9138,4 Linden Crossing,Cartí Suitupo,,,3/16/1947
488,Reinwald,Andreassen,randreassendj@trellian.com,686-289-2871,50507 Lien Point,Núi Sập,,,8/14/1905
489,Bunny,Clelland,bclellanddk@ocn.ne.jp,949-659-3799,318 Milwaukee Street,Huangtudian,,,9/5/2020
490,Jasun,Press,jpressdl@blogspot.com,913-472-5193,9 Kim Crossing,Alangalang,,6517,6/6/1962
491,Nathanil,Celiz,ncelizdm@is.gd,434-212-1249,2438 Havey Trail,Millau,B3,12104 CEDEX,3/30/1964
492,Huntington,Pynner,hpynnerdn@wordpress.org,658-822-6729,05 Service Alley,Sara Kunda,,,9/17/1953
493,Erny,Felix,efelixdo@reference.com,494-574-8463,838 Brentwood Pass,Newlands,,7700,9/16/1973
494,Kakalina,Marson,kmarsondp@noaa.gov,358-424-7520,7517 Hayes Lane,Batangafo,,,4/27/1946
495,Shandra,O'Cahsedy,socahsedydq@globo.com,463-346-6325,4940 Harper Terrace,Phra Phutthabat,,18120,9/18/1920
496,Alyse,Lowings,alowingsdr@barnesandnoble.com,370-550-1437,4 Grayhawk Junction,Chãos,13,4640-301,2/14/2017
497,Con,Mogie,cmogieds@lulu.com,627-352-6046,6138 Maple Wood Hill,Aipe,,411008,3/22/1909
498,Neill,Poulney,npoulneydt@chicagotribune.com,702-761-3824,739 Transport Drive,Chenôve,A1,21304 CEDEX,5/10/1988
499,Salaidh,Lindeberg,slindebergdu@theglobeandmail.com,688-921-6156,89 Lindbergh Avenue,Alubijid,,9018,11/30/1900
500,Dana,Magauran,dmagaurandv@technorati.com,699-420-9567,4 Maywood Pass,Villa Gesell,,7165,1/1/1954
501,Ryon,Hames,rhamesdw@tuttocitta.it,599-778-0935,21018 Holy Cross Way,Queluz de Baixo,11,2730-015,9/14/1924
502,Maurene,Bloom,mbloomdx@home.pl,222-858-7393,3677 Moose Drive,Slyudyanka,,665911,12/17/2010
503,Tymon,Stower,tstowerdy@amazon.com,813-480-6529,40236 Cody Plaza,San Nicolas,,4207,4/30/1967
504,Pet,Clearley,pclearleydz@deliciousdays.com,227-611-9361,62 Ridgeview Hill,Fengyan,,,7/21/1989
505,Alphard,Pymm,apymme0@studiopress.com,857-108-4943,9591 Harper Pass,Cezi,,,4/29/1939
506,Kenyon,Itskovitz,kitskovitze1@addthis.com,520-525-3267,86 Homewood Pass,Tucson,AZ,85732,7/10/2011
507,Cookie,Chester,cchestere2@sourceforge.net,238-866-2767,46527 Nancy Way,Sumber Tengah,,,10/24/1999
508,Jaquenetta,Palfreeman,jpalfreemane3@shinystat.com,212-521-7571,7135 Arrowood Street,New York City,NY,10175,9/11/1938
509,Bethina,Sievewright,bsievewrighte4@google.co.uk,714-193-8141,0 Killdeer Circle,Kamionka,,21-132,11/27/1930
510,Fitzgerald,Treadgall,ftreadgalle5@icio.us,263-309-9205,41163 Merchant Lane,Jenesano,,153608,12/16/1999
511,Cassey,Pandey,cpandeye6@live.com,789-943-9299,6298 Walton Place,Mineiros,,75830-000,5/23/1921
512,Laurene,Peppard,lpepparde7@twitter.com,838-260-4453,40152 Spaight Park,Muleba,,,6/24/2021
513,Wynny,O'Hone,wohonee8@example.com,358-218-3449,8 Basil Lane,Rancakole,,,8/15/1945
514,Ronni,Walne,rwalnee9@sciencedirect.com,242-907-6845,73 Holmberg Alley,Villanueva,,130537,6/29/1918
515,Pegeen,Klimkin,pklimkinea@princeton.edu,759-709-4186,0 3rd Pass,Rimbo,AB,762 91,3/3/1918
516,Valli,Gunston,vgunstoneb@slashdot.org,247-856-6662,100 Summerview Avenue,Tagbina,,8308,8/15/1932
517,Erinn,Kluge,eklugeec@census.gov,790-673-1750,84743 Bartelt Crossing,Huliao,,,8/28/1930
518,Blanche,Messitt,bmessitted@smugmug.com,277-881-8343,5827 Transport Alley,Laholm,N,312 36,2/23/1949
519,Stormie,Houlridge,shoulridgeee@auda.org.au,764-403-5646,7 Summerview Pass,Takamatsu-shi,,769-0105,8/1/1964
520,Osmond,Dibdale,odibdaleef@creativecommons.org,200-865-3774,65 Service Way,Villeneuve-la-Garenne,A8,92398 CEDEX,11/8/1975
521,Abbie,Aubery,aauberyeg@163.com,320-554-9253,08979 Myrtle Park,Quimper,A2,29327 CEDEX,7/17/2019
522,Goldi,McGrayle,gmcgrayleeh@spiegel.de,275-390-7535,33837 Montana Court,Lingion,,8708,3/8/1939
523,Hetty,Slator,hslatorei@weibo.com,815-961-7115,34 Crowley Parkway,Uarini,,69485-000,3/29/1988
524,Jerrylee,Causton,jcaustonej@ebay.com,389-544-4418,013 Nancy Plaza,Coayllo,,,11/17/1958
525,Mario,Starkings,mstarkingsek@theglobeandmail.com,305-378-3273,4 Green Ridge Pass,Wujian,,,10/23/1921
526,Barrie,McKeurton,bmckeurtonel@blogtalkradio.com,232-927-5251,2 Schurz Avenue,Amalfi,,052848,5/19/2003
527,Dolores,Matus,dmatusem@123-reg.co.uk,694-503-2480,0 Huxley Road,Chiquinquirá,,154648,6/18/2003
528,Sunny,Pavkovic,spavkovicen@rakuten.co.jp,868-841-0912,237 Meadow Ridge Circle,Reykjanesbær,,235,9/13/1940
529,Stacy,Perceval,spercevaleo@theglobeandmail.com,419-131-3920,4817 Lerdahl Terrace,Świdnica,,66-008,11/15/1983
530,Prince,Benedicte,pbenedicteep@etsy.com,429-773-7624,7 Melby Court,Mmaaf,,,9/13/1955
531,Ado,Pagnin,apagnineq@ebay.com,395-883-5476,41 Prairieview Alley,Karangnongko,,,9/16/2010
532,Rog,Clother,rclotherer@sphinn.com,418-486-6949,3 Vahlen Pass,Jilili,,,1/31/1918
533,Katherine,Moxley,kmoxleyes@taobao.com,124-847-1977,04 Walton Point,Lue Amnat,,20270,1/13/1933
534,Peyter,Chapelhow,pchapelhowet@blogger.com,970-432-7549,5823 Leroy Terrace,Jatiklampok,,,11/4/1947
535,Cristal,Linnemann,clinnemanneu@techcrunch.com,951-733-1931,181 High Crossing Circle,Ternovka,,397229,2/11/2008
536,Lavinia,Goodie,lgoodieev@narod.ru,654-634-1812,902 Vidon Hill,Saransk,,430910,5/6/1958
537,Aubree,Forsdyke,aforsdykeew@answers.com,522-335-1591,77070 Di Loreto Trail,Sukorejo,,,12/23/1978
538,Claudelle,Maffucci,cmaffucciex@wisc.edu,661-514-6615,25697 Elgar Junction,Renfrew,ON,K7V,1/5/1957
539,Hartley,Monini,hmoniniey@hubpages.com,354-411-3704,5704 Bluestem Crossing,Zuya,,,11/22/1917
540,Nathaniel,Tweedie,ntweedieez@reverbnation.com,562-141-5968,13952 Merrick Terrace,Qiying,,,9/7/1972
541,Catrina,Witcombe,cwitcombef0@sourceforge.net,859-951-3399,5 Service Park,Kharagauli,,,7/14/1906
542,Christye,Itschakov,citschakovf1@imdb.com,872-163-5863,22019 Elka Trail,Göteborg,O,415 22,11/20/1904
543,Myrtie,Pillinger,mpillingerf2@ning.com,382-282-7231,986 Ronald Regan Road,Aramayuan,,4430,6/29/2014
544,Carrie,McCroary,cmccroaryf3@angelfire.com,772-608-1823,052 Merchant Court,La Libertad,,,6/3/1985
545,Dorise,Elwel,delwelf4@dailymotion.com,148-448-2957,68 Forest Avenue,Miraflores,11,1495-048,12/7/1977
546,Tracey,Cuming,tcumingf5@imdb.com,218-170-0898,30 Village Green Drive,Libertador General San Martín,,4514,9/19/2018
547,Dulsea,Cicchinelli,dcicchinellif6@sciencedirect.com,992-600-3270,5869 Glendale Center,Newala Kisimani,,,7/9/1924
548,Miguela,Glackin,mglackinf7@flickr.com,744-332-9743,571 South Parkway,Suizhong,,,1/7/2000
549,Petey,Roscrigg,proscriggf8@about.me,365-639-6852,2 Thierer Street,Brudzeń Duży,,09-414,4/22/1988
550,Kathryn,Tremouille,ktremouillef9@homestead.com,382-991-7538,32 Summerview Junction,Byahoml’,,,7/28/1910
551,Mireille,Oloshin,moloshinfa@oaic.gov.au,819-481-7908,97 Prairie Rose Center,Campo Alegre,,89294-000,7/3/1948
552,Cecily,Geraghty,cgeraghtyfb@senate.gov,325-796-8878,079 Briar Crest Parkway,Al Qaţn,,,12/30/1906
553,Axe,Stickley,astickleyfc@yellowpages.com,829-391-2744,940 Sunnyside Court,Örnsköldsvik,Y,891 41,1/5/1910
554,Lon,Gratton,lgrattonfd@ycombinator.com,298-703-7081,67887 La Follette Lane,Bolboc,,1128,3/29/1928
555,Geoffrey,Chancellor,gchancellorfe@bloglines.com,533-351-7734,12 Lindbergh Crossing,Zhumadian,,,9/20/1924
556,Poul,Galley,pgalleyff@xinhuanet.com,454-508-0154,996 Claremont Drive,Myanaung,,,6/30/1950
557,Else,Shernock,eshernockfg@163.com,379-311-9580,7 Daystar Crossing,Wenquan,,,3/31/2012
558,Electra,Gulliford,egullifordfh@over-blog.com,979-343-5552,9394 Manley Hill,Zbraslavice,,285 21,6/4/1926
559,Doralynne,Sandwick,dsandwickfi@usgs.gov,487-748-7915,70921 Farwell Hill,Barkly East,,9787,12/6/1953
560,Cullen,Double,cdoublefj@ow.ly,549-170-9426,9 Coleman Pass,Sulmierzyce,,98-338,12/15/1964
561,Eldin,Alyoshin,ealyoshinfk@smh.com.au,528-604-1846,21 Shasta Avenue,Ebene,,,8/29/1973
562,Gaby,Saltsberg,gsaltsbergfl@ehow.com,188-603-3671,614 High Crossing Drive,Zhangye,,,4/17/1941
563,Emelen,Merck,emerckfm@businessinsider.com,884-232-5117,69 Mesta Way,Luna,,3813,3/28/1905
564,Minta,Lippitt,mlippittfn@scribd.com,533-822-9992,20740 Crest Line Drive,Lampa,,,5/4/1983
565,Addy,Maddrah,amaddrahfo@themeforest.net,110-387-8467,33 Bunker Hill Place,Bharatpur,,,11/25/1975
566,Cole,Agastina,cagastinafp@seesaa.net,645-588-3600,34902 Dixon Alley,Notre Dame,,,6/21/2020
567,Margaretta,Eynald,meynaldfq@umn.edu,797-741-1113,54 Chive Hill,Villanueva,,9002,11/16/2006
568,Rowney,Ciccottio,rciccottiofr@4shared.com,629-104-5162,991 Heath Plaza,Zhanjiang,,,7/20/1987
569,Farra,Harpham,fharphamfs@altervista.org,524-606-6957,0 Myrtle Road,Dhidhdhoo,,,4/14/1987
570,Montague,Hansed,mhansedft@virginia.edu,675-985-9080,7559 Barby Hill,Nestório,,,6/11/1928
571,Lissy,Checketts,lcheckettsfu@tmall.com,847-980-5583,259 Maple Parkway,Nūsay,,,8/28/1943
572,Raquela,Ineson,rinesonfv@senate.gov,158-541-8358,81901 Steensland Alley,Baliang,,,5/26/1929
573,Sharity,Karim,skarimfw@va.gov,702-479-2311,6905 Northridge Trail,Şalākhid,,,10/4/1932
574,Kristofor,Benedito,kbeneditofx@si.edu,546-522-3705,532 Browning Pass,Canindé,,62700-000,5/13/1978
575,Fawnia,Genicke,fgenickefy@sitemeter.com,449-734-8639,5614 Cherokee Center,Taourirt,,,11/29/1989
576,Renard,Sussex,rsussexfz@sun.com,530-446-0711,54295 Scott Terrace,Al Azraq ash Shamālī,,,12/29/1933
577,Chantalle,Witheridge,cwitheridgeg0@com.com,502-688-8706,9 Warbler Way,Złocieniec,,78-524,9/12/1969
578,Liv,Miner,lminerg1@oracle.com,438-348-9201,61 Mendota Park,Pohbango,,,10/6/1993
579,Kellsie,Duffree,kduffreeg2@craigslist.org,683-131-2719,40575 Schmedeman Plaza,Beauvais,B6,60006 CEDEX,9/6/1917
580,Clarance,Tee,cteeg3@cnet.com,521-281-5134,91636 Glendale Place,Ramenki,,141662,11/23/1992
581,Ichabod,Upstell,iupstellg4@csmonitor.com,546-164-6400,28979 Porter Pass,Llauta,,,10/28/1965
582,Alberto,Willoughway,awilloughwayg5@example.com,333-639-2557,6 Westend Parkway,Jinhe,,,4/1/2022
583,Colline,Oakland,coaklandg6@hp.com,114-365-8453,8 Northland Trail,Morfovoúni,,,12/2/2004
584,Lloyd,Giovannelli,lgiovannellig7@taobao.com,202-709-6863,43599 Kings Parkway,Washington,DC,20535,1/23/1904
585,Linnell,O'Dunniom,lodunniomg8@godaddy.com,866-617-7268,49 Mitchell Court,Yanggu’ao,,,8/20/1977
586,Bonita,Trengrove,btrengroveg9@desdev.cn,685-215-8951,27 Forest Circle,Kebonagung,,,12/27/1926
587,Katy,Scotchford,kscotchfordga@vk.com,129-335-7379,77511 Esker Avenue,Pizarrete,,10608,9/17/1938
588,Dara,O'Brogan,dobrogangb@cargocollective.com,640-239-9572,50049 Calypso Trail,Banatski Dvor,,,8/27/1919
589,Axel,Hendonson,ahendonsongc@nifty.com,469-596-5732,4632 Manley Hill,Chaem Luang,,44110,10/29/1950
590,Jolene,Otham,jothamgd@yellowbook.com,701-518-9994,663 Pankratz Street,Ariguaní,,152247,7/2/1920
591,Ringo,Franc,rfrancge@example.com,472-377-9415,47840 Ryan Street,Chimoio,,,8/21/2010
592,Malchy,Bolles,mbollesgf@51.la,573-777-7904,4 Mosinee Alley,Huangyang,,,1/5/1978
593,Bekki,Deme,bdemegg@constantcontact.com,574-326-4605,71 Hollow Ridge Road,Otradnyy,,629320,6/13/2007
594,Lynda,Common,lcommongh@gravatar.com,904-233-3792,77 Brown Junction,Dundrum,,D6W,5/19/1992
595,Norry,Azam,nazamgi@shop-pro.jp,891-513-1917,60782 Dorton Hill,Nuradilovo,,368030,8/15/2003
596,Collie,Klimushev,cklimushevgj@pcworld.com,184-728-3279,5686 Lighthouse Bay Alley,Shuangqiao,,,1/22/1960
597,Dalia,Domenichelli,ddomenichelligk@gravatar.com,946-687-2457,7394 Mariners Cove Hill,Toulouse,B3,31044 CEDEX 9,5/5/1964
598,Terza,Spada,tspadagl@bandcamp.com,674-785-9996,1749 Petterle Alley,São João,03,4890-484,1/11/1939
599,Ky,Sneezem,ksneezemgm@hostgator.com,688-617-0001,9 Calypso Crossing,Ylihärmä,,62375,10/20/2019
600,Russ,Cunnane,rcunnanegn@webs.com,191-540-1909,17 Lillian Point,Bukedea,,,8/14/1904
601,Angy,Carradice,acarradicego@stumbleupon.com,649-273-6018,35 Magdeline Hill,Icheon-si,,,10/14/1941
602,Zorine,Khotler,zkhotlergp@hc360.com,332-418-5575,263 Stephen Road,Delicias,,,10/20/1937
603,Rani,Bannister,rbannistergq@cmu.edu,945-943-1596,600 Sycamore Terrace,Tipo-Tipo,,7304,4/26/1923
604,Ritchie,Ahmed,rahmedgr@prnewswire.com,845-687-8612,27 Moland Avenue,Umm Şalāl ‘Alī,,,7/26/1952
605,Jewel,Seiter,jseitergs@slideshare.net,141-992-9161,4996 Killdeer Crossing,Tokyo,,176-0014,3/31/1928
606,Charis,Fitzroy,cfitzroygt@friendfeed.com,320-960-5302,38014 Fuller Pass,Port-aux-Français,,,4/21/1967
607,Tanny,Callis,tcallisgu@people.com.cn,228-222-8884,7 Ridgeway Junction,Ubá,,36500-000,11/27/1936
608,Sheela,Gwilym,sgwilymgv@deviantart.com,838-272-4578,3 Bellgrove Road,Mihara,,905-2264,5/24/2006
609,Renata,Roelvink,rroelvinkgw@yahoo.com,229-122-7279,47 Warbler Alley,Dongjiao,,,10/12/2008
610,Steffie,Boddis,sboddisgx@bravesites.com,139-679-3680,13 Pennsylvania Circle,Cholpon-Ata,,,3/17/2018
611,Byrle,Worg,bworggy@123-reg.co.uk,828-860-2198,71545 Fuller Terrace,Markaz-e Woluswalī-ye Āchīn,,,3/29/1908
612,Joyous,Libbe,jlibbegz@creativecommons.org,664-772-6780,8430 Fordem Alley,Nesterovskaya,,386250,4/7/1964
613,Bowie,Wellesley,bwellesleyh0@yolasite.com,384-609-3762,12422 Sunnyside Avenue,Acacías,,507009,3/27/1980
614,Earvin,Tennock,etennockh1@census.gov,775-630-5552,8708 Hazelcrest Pass,Jincheng,,,10/7/1907
615,Reine,Duesberry,rduesberryh2@baidu.com,839-630-6020,1010 Sauthoff Plaza,Jan Kempdorp,,8560,7/13/1932
616,Cordy,Menaul,cmenaulh3@upenn.edu,323-110-1154,3 Kim Alley,Blois,A3,41904 CEDEX 9,3/15/1912
617,Ignazio,Collyer,icollyerh4@mozilla.com,132-389-4030,6 Badeau Park,Sokoto,,,4/26/1948
618,Lexine,Corbie,lcorbieh5@live.com,288-432-6052,58915 Troy Court,Lindesberg,T,711 82,11/12/1900
619,Alric,Cardenoso,acardenosoh6@stanford.edu,767-814-3111,91 Carpenter Terrace,Borovo,,7119,7/13/1935
620,Roselin,Mallam,rmallamh7@hugedomains.com,248-502-1598,5 Twin Pines Parkway,Caucagüito,,,4/30/2019
621,Deedee,Habberjam,dhabberjamh8@globo.com,402-192-7258,778 Monica Terrace,Barreiras,,47800-000,3/2/1982
622,Hendrick,Tarply,htarplyh9@noaa.gov,173-609-9273,18536 Hagan Crossing,Lityn,,,11/12/2011
623,Chrisy,Squires,csquiresha@unicef.org,331-405-5298,295 Boyd Point,San Agustin,COA,29480,10/15/2010
624,Penni,Sposito,pspositohb@mail.ru,617-978-6698,0398 5th Way,Huaidian,,,3/14/1952
625,Goldarina,Sorey,gsoreyhc@cloudflare.com,711-613-7299,018 Arizona Junction,Rublëvo,,164012,12/10/1939
626,Wes,Beaby,wbeabyhd@mozilla.com,589-101-8788,4951 Drewry Trail,El Vigía,,,11/22/1924
627,Gabbie,Leggett,gleggetthe@youku.com,401-107-6810,0199 Northland Hill,Balakliya,,,2/19/1982
628,Trev,Mole,tmolehf@tiny.cc,825-277-6771,01925 Acker Court,Silvares,05,6230-636,3/15/2020
629,Stanislaus,Albrooke,salbrookehg@nationalgeographic.com,123-315-6238,3416 Cambridge Court,Cliza,,,5/25/1963
630,Gilberte,Barthelet,gbarthelethh@google.co.jp,120-408-0177,36 Talmadge Center,Malaya Dubna,,665442,11/26/1921
631,Susanna,Emmerson,semmersonhi@hugedomains.com,693-236-7776,3 Meadow Ridge Pass,Bungoma,,,11/25/1985
632,Mychal,Barsam,mbarsamhj@ebay.co.uk,219-352-0377,9542 Hallows Street,General Cabrera,,5809,1/30/1935
633,Joli,Tante,jtantehk@simplemachines.org,434-107-3785,3 Grayhawk Point,Pamoyanan,,,10/10/1931
634,Laura,Tilbury,ltilburyhl@dailymotion.com,310-147-3284,94183 Oak Valley Lane,Inglewood,CA,90398,9/1/1929
635,Holly,Hardie,hhardiehm@cbsnews.com,804-230-0914,0652 Stuart Way,Nicoya,,50201,9/15/1965
636,Marice,A'Barrow,mabarrowhn@tumblr.com,533-305-2548,6 Reinke Terrace,Bajina Bašta,,,5/5/1971
637,Alair,Hallaways,ahallawaysho@sciencedirect.com,439-389-7083,24 Tennyson Way,Krajansumbermujur,,,4/4/1918
638,Hazel,Clapp,hclapphp@java.com,251-547-6233,316 Melvin Alley,Tuxi,,,2/16/2021
639,Joycelin,Woollard,jwoollardhq@businessweek.com,361-480-2707,65814 Declaration Crossing,Pangushan,,,5/13/1919
640,Zabrina,Duchesne,zduchesnehr@zimbio.com,695-218-6522,78 Cascade Drive,Puyung,,,10/1/1945
641,Raimundo,Moreton,rmoretonhs@boston.com,901-527-1435,2 Roth Street,Midland,ON,L4R,7/10/1930
642,Philippine,Barribal,pbarribalht@army.mil,486-305-7768,73 Clove Hill,Dazhongzhuang,,,5/30/1945
643,Diahann,Markwick,dmarkwickhu@eventbrite.com,538-596-5298,5 Sugar Court,Miyakonojō,,889-1912,11/22/1962
644,Issie,Kusick,ikusickhv@gov.uk,828-727-9684,2 Havey Place,Morohongō,,357-0211,2/16/2020
645,Norrie,Loyns,nloynshw@myspace.com,949-461-9464,1449 Dayton Alley,Acandí,,278018,2/12/1976
646,Antony,Rablen,arablenhx@wikimedia.org,855-448-4593,664 Eggendart Way,Richmond,,9840,5/7/1979
647,Hermie,Bartkiewicz,hbartkiewiczhy@theatlantic.com,413-206-9012,4 Grim Plaza,Lebu,,,3/19/1938
648,Hendrika,Rendle,hrendlehz@hao123.com,837-696-2377,7637 Scoville Hill,Independencia,MIC,60070,11/3/1928
649,Mannie,Morl,mmorli0@columbia.edu,503-344-9828,93 Gina Parkway,Dogondoutchi,,,5/20/1947
650,Shina,Bateson,sbatesoni1@telegraph.co.uk,498-444-4961,976 Larry Place,Águas Formosas,,39880-000,10/26/1941
651,Corrie,Fairbrass,cfairbrassi2@sfgate.com,791-219-1459,75299 Kinsman Lane,Kamaishi,,409-2522,7/4/1935
652,Brien,Bolles,bbollesi3@diigo.com,755-303-6441,44666 Charing Cross Point,Keleng,,,4/26/2002
653,Constance,Burdon,cburdoni4@unc.edu,876-214-3442,35805 Maple Wood Crossing,Utabi,,3508,2/13/1910
654,Ivor,Axup,iaxupi5@nymag.com,810-293-0545,89255 Weeping Birch Drive,Złocieniec,,78-524,1/1/1995
655,Farra,Bode,fbodei6@reuters.com,658-583-5192,777 Harbort Avenue,Tāngāil,,3062,4/18/1906
656,Hervey,Talloe,htalloei7@jimdo.com,298-657-1323,74118 New Castle Terrace,Xihu,,,5/3/1907
657,Mendel,Bevir,mbeviri8@multiply.com,449-882-3062,1579 Oneill Court,Is,,624238,9/20/2003
658,Miltie,Rabl,mrabli9@google.it,861-254-6064,54798 Nancy Court,Duki,,84200,5/5/1940
659,Arleta,Cadalleder,acadallederia@microsoft.com,452-715-7637,401 Londonderry Lane,Lazarat,,,12/16/1990
660,Loria,Prozescky,lprozesckyib@technorati.com,991-669-5477,758 8th Terrace,Frankfurt am Main,HE,60435,8/22/1923
661,Anabelle,De Filippo,adefilippoic@chicagotribune.com,807-269-4946,2689 Lien Alley,Zlatograd,,4999,9/11/1915
662,Sanders,Bodechon,sbodechonid@shop-pro.jp,930-519-6692,85 Vidon Road,Longgao,,,3/15/1915
663,Audy,Burril,aburrilie@cpanel.net,720-442-1548,3 Evergreen Point,Solţānābād,,,12/29/1946
664,Cletus,Capes,ccapesif@blinklist.com,960-530-3249,41254 Granby Point,Krasnokumskoye,,357834,7/23/2022
665,Pet,Brewett,pbrewettig@studiopress.com,162-753-2093,78176 Holy Cross Center,Kulpin,,,11/28/1950
666,Merrile,Hornbuckle,mhornbuckleih@mit.edu,242-494-6128,7 Sage Junction,Les Sables-d'Olonne,B5,85109 CEDEX,12/30/2004
667,Alair,Neiland,aneilandii@nifty.com,583-757-4708,98 Lake View Crossing,Göteborg,O,404 32,5/20/2022
668,Anne,Altimas,aaltimasij@walmart.com,169-628-5913,275 Lien Park,Estombar,08,8400-017,6/6/1938
669,Patrice,Milham,pmilhamik@statcounter.com,915-977-3721,90791 Boyd Terrace,Volodarsk,,606072,12/26/1925
670,Neila,Restorick,nrestorickil@wordpress.com,662-314-7618,78563 Bultman Center,Rodolívos,,,1/14/1972
671,Filbert,Dailly,fdaillyim@dyndns.org,829-732-5760,6702 Clyde Gallagher Plaza,Nariño,,252837,11/17/1959
672,Aloise,Varnals,avarnalsin@china.com.cn,518-631-3234,812 Westerfield Circle,Despotovac,,,2/25/1922
673,Dru,Sicily,dsicilyio@nhs.uk,366-671-4007,97895 Ilene Circle,Nigel,,1590,8/30/1960
674,Lottie,Humpherson,lhumphersonip@fc2.com,740-643-9114,9 Barnett Plaza,Batanghari,,,3/26/2014
675,Dianne,Kiehne,dkiehneiq@toplist.cz,296-805-4808,20101 Ohio Junction,San José Acatempa,,22016,12/21/1932
676,Kate,Matuszinski,kmatuszinskiir@imdb.com,601-491-2513,7598 Florence Street,Jackson,MS,39282,10/12/1990
677,Gearalt,Abrahart,gabrahartis@typepad.com,440-840-8738,91882 Banding Street,Tippi,,,3/8/1992
678,Ailey,Coltart,acoltartit@pcworld.com,652-811-8325,5 Transport Pass,Kuala Lumpur,KUL,50592,5/2/1955
679,Robinette,Upcott,rupcottiu@surveymonkey.com,447-933-5174,5 Myrtle Way,Pirava,,7316,9/20/1988
680,Domingo,Lorman,dlormaniv@yolasite.com,813-825-2837,07 Bayside Street,Kalmar,H,391 21,11/7/1960
681,Una,Orred,uorrediw@amazon.co.jp,492-709-2294,35492 Hoffman Court,Bollnäs,X,821 80,3/31/1962
682,Suzy,Jiricka,sjirickaix@loc.gov,279-163-5422,8 Mallard Road,Zangbi,,,10/24/1969
683,Erwin,Eastbrook,eeastbrookiy@hatena.ne.jp,126-112-7165,681 Reinke Avenue,Bamako,,,1/16/1995
684,Tiphany,Apfler,tapfleriz@freewebs.com,613-693-8627,3116 Fieldstone Avenue,Vetlanda,F,574 35,8/1/1985
685,Freddy,Macey,fmaceyj0@tiny.cc,480-598-8669,6 Anthes Park,Las Mercedes,,,5/6/1934
686,Bibbie,Gwinnell,bgwinnellj1@narod.ru,262-111-1174,384 Schurz Plaza,Artemisa,,,12/19/1987
687,Hamnet,Bexley,hbexleyj2@t.co,934-353-7006,6 Swallow Way,Ar Rawḑ,,,1/11/1902
688,Alexandr,Barnwall,abarnwallj3@businessinsider.com,470-990-0321,2865 Dunning Place,Waiwukak,,,2/3/1948
689,Nobie,Ausiello,nausielloj4@webnode.com,275-379-6485,27 Sage Place,Belfast,,1301,5/10/1986
690,Jesse,Lande,jlandej5@dot.gov,987-994-2493,7 Hansons Trail,Wang Sombun,,27250,11/7/1959
691,Shirley,Pocknoll,spocknollj6@t.co,887-490-0788,06625 Clarendon Parkway,Silca,,,8/4/1919
692,Clayborne,Maleham,cmalehamj7@princeton.edu,445-243-0814,24 Meadow Ridge Crossing,Saky,,,4/16/1905
693,Roi,Quaife,rquaifej8@devhub.com,941-256-9174,5628 Merry Terrace,Madrid,MD,28045,12/7/1907
694,Laurent,Sarjent,lsarjentj9@dot.gov,457-250-2247,12310 Pond Hill,Cimaragas,,,9/26/1996
695,Teddi,Duerden,tduerdenja@stanford.edu,700-165-3255,7 5th Crossing,Yinjiacheng,,,3/21/1938
696,Putnam,Arrighini,parrighinijb@google.it,236-820-1187,8 Bonner Park,Antony,A8,92169 CEDEX,7/17/1958
697,Sanson,Le Lievre,slelievrejc@networksolutions.com,567-163-6205,48801 Kensington Way,Jinji,,,9/23/1915
698,Franciska,Domotor,fdomotorjd@hexun.com,755-875-5346,42545 Kenwood Road,Kedungbulu,,,12/23/1939
699,Anne-corinne,Bollans,abollansje@weibo.com,818-747-1022,85789 Anzinger Place,Konče,,2424,6/19/2009
700,Liz,Liles,llilesjf@sakura.ne.jp,323-115-9033,482 Chinook Lane,Orimattila,,16301,4/4/2019
701,Waiter,Hartshorne,whartshornejg@cargocollective.com,194-532-7423,3361 West Circle,Labytnangi,,629405,8/15/2017
702,Nikolaus,Mazzia,nmazziajh@4shared.com,634-142-5847,1 Harbort Terrace,Ursk,,242467,9/28/1957
703,Alison,Brien,abrienji@reddit.com,936-171-2608,94365 Namekagon Avenue,Shiyuan,,,4/14/1986
704,Gav,Knell,gknelljj@pen.io,807-157-3268,8343 Tennyson Lane,Shevchenkove,,,1/9/1955
705,Hanna,Heber,hheberjk@ucsd.edu,457-146-3333,3504 Thackeray Road,Savonlinna,,57810,7/28/1983
706,Tyler,Jikylls,tjikyllsjl@addthis.com,926-573-4143,52919 John Wall Avenue,Capela,13,4620-297,6/11/1976
707,Rona,Yearn,ryearnjm@123-reg.co.uk,892-567-1761,38936 Sachs Street,Yingchengzi,,,3/20/2010
708,Travers,Woodworth,twoodworthjn@examiner.com,338-492-2931,878 Pond Center,Xiaoyi,,,7/29/1917
709,Amble,Tejada,atejadajo@economist.com,271-952-4434,55172 Basil Parkway,Kawasaki,,999-3145,2/21/1951
710,Lazar,Cobbing,lcobbingjp@g.co,610-173-3597,500 Sundown Lane,Koronadal,,6122,7/26/1970
711,Mallory,De Robertis,mderobertisjq@infoseek.co.jp,647-953-7960,54 Marquette Center,Marcq-en-Barœul,B4,59704 CEDEX,3/9/1914
712,Arliene,Gonnelly,agonnellyjr@fema.gov,954-273-0277,7388 Killdeer Lane,Injīl,,,1/6/1978
713,Gilli,Pidler,gpidlerjs@hubpages.com,659-538-9920,682 Packers Avenue,Kigali,,,4/17/2008
714,Lewiss,Fury,lfuryjt@cornell.edu,456-667-2061,926 Southridge Street,Kalmar,H,391 21,5/10/1910
715,Lyda,Ascraft,lascraftju@hibu.com,643-102-1693,2081 Moland Crossing,Zhouzai,,,3/20/2009
716,Hy,Paxforde,hpaxfordejv@google.co.jp,873-459-2227,0073 Vidon Lane,Ulichnoye,,,3/2/1991
717,Chickie,Laidler,claidlerjw@icq.com,116-574-5235,96 1st Road,Godong,,,8/17/1999
718,Evangelia,Copley,ecopleyjx@ed.gov,860-749-0267,7464 Roxbury Pass,Mbocayaty,,,4/22/2012
719,Theo,Burney,tburneyjy@google.ru,780-696-6145,2 Mendota Point,Manggissari,,,1/20/1921
720,Lynnell,Pidgeon,lpidgeonjz@dmoz.org,421-312-9586,0846 Armistice Hill,Armanāz,,,8/19/2007
721,Brittney,Warke,bwarkek0@amazon.de,215-547-4006,3 Hermina Lane,Parchal,08,8400-603,3/18/1974
722,Electra,Beininck,ebeininckk1@admin.ch,182-603-2097,550 Oriole Point,Yoshii,,952-1203,2/22/1941
723,Claudette,Eldon,celdonk2@arizona.edu,626-764-2567,0 Independence Plaza,Kiruru,,,9/29/1989
724,Lenard,Rapier,lrapierk3@macromedia.com,560-307-7628,5760 Ryan Avenue,Zerkten,,,4/2/1935
725,Gerhard,Ipsly,gipslyk4@fc2.com,568-786-3084,1861 Dixon Lane,Usarin,,,5/26/1916
726,Janene,Antonignetti,jantonignettik5@accuweather.com,829-807-1929,2 Sunnyside Pass,Santa Lucia,,2712,11/16/1940
727,Portia,Lanktree,planktreek6@cnn.com,299-223-5732,8597 Dovetail Plaza,Géfyra,,,1/9/1907
728,Barn,Ronaldson,bronaldsonk7@unblog.fr,619-652-3574,37 Steensland Circle,Rolante,,95690-000,10/25/1914
729,Evvie,Bleazard,ebleazardk8@netlog.com,719-707-3847,1883 Scott Park,Colorado Springs,CO,80920,12/11/1987
730,Terrie,Watterson,twattersonk9@exblog.jp,318-905-0823,0 Becker Plaza,Erdenet,,,8/21/1984
731,Cinnamon,Spacey,cspaceyka@symantec.com,909-806-3949,00 Ilene Road,Sangmu,,,3/14/1995
732,Samson,Lozano,slozanokb@squidoo.com,116-919-9573,882 Burrows Park,Hongos,,,3/18/1929
733,Gregorio,McEntagart,gmcentagartkc@blogtalkradio.com,305-733-3522,40 Duke Court,Pesucen,,,9/16/1934
734,Dulcie,Champley,dchampleykd@t-online.de,360-709-5294,398 Springs Plaza,Xunhe,,,1/25/1921
735,Jaymie,Fairley,jfairleyke@shop-pro.jp,615-690-3865,64 Crescent Oaks Circle,Metsamor,,,4/11/1957
736,Marna,Nash,mnashkf@netlog.com,771-296-2090,9 Oxford Trail,Velyka Lepetykha,,,9/4/2010
737,Ilyssa,Huby,ihubykg@1688.com,155-111-7721,746 Killdeer Crossing,Gunungtua,,,12/25/2016
738,Lorilyn,Vasilischev,lvasilischevkh@jalbum.net,764-574-4408,95876 Hallows Court,Laon,B6,02019 CEDEX,1/11/1900
739,Eberto,Hedney,ehedneyki@123-reg.co.uk,116-819-1574,754 Redwing Lane,Los Aquijes,,,1/12/1938
740,Roze,Fawckner,rfawcknerkj@over-blog.com,916-377-8861,2687 Hoffman Way,La Oroya,,,2/13/2011
741,Chan,Nelm,cnelmkk@army.mil,490-104-1667,1 Union Court,Boje,,,5/13/2022
742,Shir,MacCambridge,smaccambridgekl@ucla.edu,931-409-2926,34661 Red Cloud Street,Tagkawayan Sabang,,4321,7/15/1946
743,Briny,Adshad,badshadkm@salon.com,122-354-1475,84 Buell Place,Komatsu,,999-8317,4/15/1927
744,Angelle,Rothermel,arothermelkn@netscape.com,897-973-7997,63 Westerfield Center,Brailiv,,,9/18/2001
745,Morly,Croley,mcroleyko@ifeng.com,892-714-8817,05 Reinke Parkway,Midlands,,,9/21/1969
746,Clark,Georg,cgeorgkp@tmall.com,363-557-7267,4397 Jackson Road,Samālūţ,,,1/19/1946
747,Rouvin,Herculson,rherculsonkq@slashdot.org,274-917-2426,78 Victoria Circle,Higashine,,999-3776,12/27/1994
748,Cyb,Salkild,csalkildkr@wikia.com,375-742-0304,31300 Daystar Lane,Fatumnasi,,,9/16/2004
749,Gaylene,Twells,gtwellsks@msn.com,553-555-4413,8333 Lien Drive,Värnamo,F,331 85,1/18/2018
750,Leland,Dolton,ldoltonkt@addtoany.com,510-201-4719,50 Twin Pines Place,Choya,,649193,1/1/2005
751,Sherry,Hamer,shamerku@xing.com,503-860-4522,34 Fair Oaks Crossing,Seren Barat,,,3/3/1969
752,Gibby,Avent,gaventkv@printfriendly.com,414-565-2245,98 Stang Drive,Laboulaye,,5120,5/17/1957
753,Paddy,Juschke,pjuschkekw@jimdo.com,247-250-8192,67 Bultman Alley,Izumo,,925-0215,12/2/2000
754,Bobby,Burtwell,bburtwellkx@altervista.org,424-521-7172,0 Rowland Crossing,Rzeczenica,,77-304,10/21/2002
755,Murry,McDiarmid,mmcdiarmidky@spotify.com,999-388-6607,0 Shoshone Street,Šavnik,,,6/5/1995
756,Ezmeralda,Dunckley,edunckleykz@aol.com,308-736-1045,11418 Anthes Court,Bethanie,,,6/27/1955
757,Marissa,Simounet,msimounetl0@cdc.gov,208-163-5302,3705 Farwell Hill,Manjakandriana,,,1/2/1900
758,Avictor,Dupoy,adupoyl1@is.gd,279-453-8031,584 Drewry Avenue,Randegan,,,1/18/1907
759,Saba,Seadon,sseadonl2@cbsnews.com,828-575-3455,548 Melrose Plaza,Urus-Martan,,366510,9/25/1961
760,Mechelle,Gutch,mgutchl3@networkadvertising.org,110-941-6193,1425 Sullivan Circle,Chengkou,,,12/6/1960
761,Riley,Magowan,rmagowanl4@is.gd,373-855-7833,6 Bunting Circle,Bāzārak,,,5/12/1953
762,Alphard,Petrie,apetriel5@desdev.cn,199-558-3282,0196 Memorial Hill,Fosca,,251837,8/9/2011
763,Ivan,Stainton - Skinn,istaintonskinnl6@bing.com,259-622-1565,24 Duke Drive,Elx/Elche,VC,03203,2/4/2015
764,Kristoforo,Lack,klackl7@alexa.com,886-362-6949,19 Nova Parkway,Andapa,,,11/13/1933
765,Rudie,Paolacci,rpaolaccil8@dailymail.co.uk,391-697-2401,52467 Golf View Way,Haixing,,,1/23/1921
766,Valery,Caldeyroux,vcaldeyrouxl9@livejournal.com,904-358-3375,043 Bayside Road,Muara Dua,,,7/7/1934
767,Kesley,Rosenstengel,krosenstengella@about.me,957-428-7452,3 Lukken Street,Tiechanggou,,,11/13/1959
768,Weider,MacCall,wmaccalllb@wordpress.com,237-492-6203,95 Brentwood Trail,Liquan Chengguanzhen,,,2/12/1958
769,Drona,Carthew,dcarthewlc@wp.com,928-800-9913,299 Kennedy Circle,Dolega District,,,11/10/1906
770,Noemi,Ardy,nardyld@com.com,699-751-3713,88 Kim Plaza,Čelopek,,1227,4/12/1905
771,Lise,Truluck,ltruluckle@who.int,255-527-5453,20892 Vermont Park,Sabana Grande,,,6/18/1911
772,Maureen,Whittlesea,mwhittlesealf@newsvine.com,899-987-2375,713 Bobwhite Court,Huangjiazhai,,,2/2/1908
773,Lacy,Suddick,lsuddicklg@nydailynews.com,944-179-7073,133 Namekagon Trail,Ribeirão,,55520-000,2/10/1902
774,Kinnie,Dewan,kdewanlh@creativecommons.org,834-525-3734,346 Commercial Road,Verbilki,,141930,6/22/1934
775,Elke,Yuryatin,eyuryatinli@netscape.com,724-430-1412,311 Stone Corner Street,Abay,,,12/1/1991
776,Teddie,Trusslove,ttrusslovelj@ycombinator.com,527-961-0746,18192 Golden Leaf Plaza,Ribeira das Taínhas,42,9680-505,1/2/1979
777,Iago,Penke,ipenkelk@blogtalkradio.com,823-780-9336,9 Donald Drive,Växjö,G,355 92,6/29/1935
778,Min,Caven,mcavenll@eventbrite.com,729-188-0617,93235 Esker Pass,Batangafo,,,1/12/1952
779,Charisse,Crehan,ccrehanlm@ucoz.ru,183-525-2360,65 Corscot Lane,Marcara,,,2/22/1979
780,Cammie,Colebrook,ccolebrookln@virginia.edu,529-334-5807,7953 Ilene Trail,Aqqan,,,5/8/1917
781,Pat,Meldrum,pmeldrumlo@addtoany.com,852-413-3601,95 Mandrake Street,Itacarambi,,39470-000,8/17/1905
782,Rosie,Klain,rklainlp@weebly.com,383-527-8305,2031 Fieldstone Parkway,Pukekohe East,,2677,8/15/1934
783,Cyrus,Jenken,cjenkenlq@dion.ne.jp,761-275-2234,992 David Hill,Capinzal,,89665-000,10/21/2000
784,Arnie,Bartos,abartoslr@hatena.ne.jp,879-579-2479,718 Linden Drive,Manlio Fabio Altamirano,VER,94970,3/27/1951
785,Thurstan,Stanway,tstanwayls@ow.ly,161-751-6200,25 Sachtjen Point,Tanjay,,6203,2/22/1952
786,Joachim,Wallhead,jwallheadlt@imageshack.us,898-593-5689,4 Hoepker Drive,Otutara,,,1/23/1980
787,Sinclare,Eagar,seagarlu@rediff.com,992-327-2099,712 Monument Trail,Vichuga,,155334,10/11/1911
788,Phip,Steffens,psteffenslv@miibeian.gov.cn,792-162-2012,364 Spohn Center,Plast,,457031,4/27/1951
789,Correna,Hek,cheklw@feedburner.com,387-522-4937,6876 Londonderry Way,Zhoinda,,,1/17/1921
790,Amandie,Le Blond,aleblondlx@purevolume.com,460-318-3891,3466 Vera Point,Bouça,13,4640-210,11/17/1916
791,Myrna,MacFadzan,mmacfadzanly@taobao.com,159-410-8871,0652 Crownhardt Park,Pijao,,632067,2/16/1904
792,Fedora,Allcott,fallcottlz@marketwatch.com,239-223-4871,8 Mesta Plaza,Sambungjaya,,,5/9/1953
793,Mersey,Blaymires,mblaymiresm0@fema.gov,269-216-0861,469 Susan Street,Surulangun Rawas,,,7/15/1913
794,Guinevere,Hatley,ghatleym1@gravatar.com,479-384-8746,3398 Northview Plaza,Casma,,,5/31/1950
795,Susi,Tumioto,stumiotom2@alexa.com,762-945-0488,63 Walton Way,Gaoua,,,5/13/2022
796,Elvyn,See,eseem3@springer.com,951-855-2004,4 Rockefeller Place,Nanbao,,,11/3/2014
797,Pru,Hallahan,phallahanm4@slideshare.net,445-263-9372,1 Maple Park,Buchanan,,,4/11/1913
798,Pavlov,Nesby,pnesbym5@squarespace.com,211-763-7787,03 Burning Wood Hill,Casilda,,2170,3/22/1985
799,Kinsley,Minichillo,kminichillom6@networksolutions.com,733-988-7112,42953 Redwing Center,Guamo,,733558,9/28/1945
800,Egbert,Veryard,everyardm7@mit.edu,781-817-8506,61374 Summit Hill,Naranjo,,20601,8/6/1912
801,Sharla,Gilcrist,sgilcristm8@harvard.edu,626-812-3277,97758 Wayridge Street,Benešov nad Černou,,382 82,6/17/1999
802,Wendi,Fitzharris,wfitzharrism9@tripadvisor.com,899-492-7695,98 Barby Center,Cotaparaco,,,6/7/1931
803,Lucinda,Nockells,lnockellsma@ted.com,277-689-2796,36 Judy Circle,Cafayate,,4427,11/10/1963
804,Honoria,Malkinson,hmalkinsonmb@ow.ly,366-496-9915,38287 Loeprich Court,Boji,,,1/21/1982
805,Chryste,Gilardengo,cgilardengomc@sun.com,156-116-7573,2269 Portage Alley,Encañada,,,11/17/2001
806,Boothe,Stadding,bstaddingmd@senate.gov,710-143-3819,1535 Green Hill,San Isidro,CHP,27990,7/28/1986
807,Lezlie,Durden,ldurdenme@wunderground.com,505-510-2484,6 Eliot Plaza,Sokolov,,356 01,12/17/1938
808,Urbano,Starcks,ustarcksmf@go.com,451-647-6734,52358 Porter Street,Carhuamayo,,,12/27/1949
809,Luciana,Hinks,lhinksmg@army.mil,616-462-3628,2517 West Street,Gālīkesh,,,4/19/1971
810,Maressa,Pyzer,mpyzermh@devhub.com,268-646-8976,6935 Superior Drive,Budayuan,,,6/15/1914
811,Catherine,MacClay,cmacclaymi@geocities.jp,996-232-4698,0475 Hauk Street,Tomakivka,,,2/7/1903
812,Bil,Strongman,bstrongmanmj@yahoo.com,701-718-0870,6895 Pepper Wood Crossing,København,1084,1770,2/14/1945
813,Garwin,Massimi,gmassimimk@is.gd,746-676-8485,34 Mitchell Trail,Orange Farm,,1841,8/5/1986
814,Hoebart,Baude,hbaudeml@biglobe.ne.jp,944-690-7480,614 Heath Hill,Gaspar,,89110-000,7/27/2008
815,Mariann,Dumbleton,mdumbletonmm@theguardian.com,772-429-1464,5 Green Street,Qingxi,,,4/16/1951
816,Giana,Belliveau,gbelliveaumn@dyndns.org,125-555-1005,79529 Village Green Crossing,Bendungan,,,3/8/1934
817,Josefa,Ianiello,jianiellomo@goo.ne.jp,750-453-5886,6 Veith Junction,Baizhang,,,3/15/1914
818,Vanni,Pieroni,vpieronimp@cornell.edu,428-439-1485,6065 Little Fleur Plaza,Biskamzha,,655735,6/25/1929
819,Veronica,Klass,vklassmq@google.ca,989-146-1818,14256 Goodland Place,Clermont-Ferrand,98,63032 CEDEX 9,4/2/1913
820,Eachelle,Hawking,ehawkingmr@princeton.edu,310-500-9087,7 Portage Terrace,Souran,,,9/28/1904
821,Shawna,MacEveley,smaceveleyms@cornell.edu,677-619-3281,3 Forest Run Avenue,Puračić,,,8/4/1993
822,Hakeem,Gatfield,hgatfieldmt@stumbleupon.com,584-573-6015,97546 Tennyson Junction,Harbin,,,4/19/1995
823,Lindi,Weadick,lweadickmu@sciencedirect.com,796-827-6033,742 Northport Pass,Dampol,,3005,3/12/2021
824,Alleen,Lethardy,alethardymv@cmu.edu,517-294-9823,72 School Hill,Xishiqiao,,,4/15/1944
825,Felicio,Stockbridge,fstockbridgemw@youtube.com,438-885-2232,4998 Sunnyside Place,Changjiang,,,7/6/1970
826,Mireielle,Killock,mkillockmx@example.com,956-852-2575,5603 6th Center,Jianggang,,,4/16/1948
827,Felicity,Pesik,fpesikmy@howstuffworks.com,351-763-2050,24 Scott Pass,Svenljunga,O,512 24,4/12/2003
828,Beau,Petre,bpetremz@statcounter.com,569-587-3138,48 Sundown Lane,New Plymouth,,4342,12/14/1969
829,Millie,Stratford,mstratfordn0@reverbnation.com,405-101-7255,2036 Eagan Alley,Oklahoma City,OK,73119,8/29/1943
830,Tiffanie,Lowdiane,tlowdianen1@chicagotribune.com,367-189-5676,33922 Coolidge Avenue,Goragorskiy,,366818,1/9/1985
831,Paula,Armsby,parmsbyn2@gnu.org,283-211-6786,51 1st Parkway,Luchingu,,,8/3/2016
832,Berny,Crosthwaite,bcrosthwaiten3@newyorker.com,526-945-4671,70 Katie Lane,Halmstad,N,301 10,5/21/1946
833,Fremont,Jedrys,fjedrysn4@blogtalkradio.com,959-920-4337,569 Declaration Plaza,Le Perreux-sur-Marne,A8,94174 CEDEX,11/5/1911
834,Belle,Davidou,bdavidoun5@spotify.com,386-973-5033,57771 Dixon Center,Hägersten,AB,129 30,12/30/1916
835,Donnell,Dallon,ddallonn6@theglobeandmail.com,304-777-0742,6811 Melby Parkway,Santarém,,58928-000,8/14/1954
836,Joli,Meritt,jmerittn7@nifty.com,214-649-1844,0 Kedzie Parkway,Pappádos,,,12/22/1930
837,Blaire,Jansie,bjansien8@mozilla.com,528-589-5823,7 Colorado Trail,Krajanbaturno,,,11/20/1905
838,Lynnell,Dalli,ldallin9@home.pl,544-432-7953,086 Warner Terrace,Mangaran,,,2/21/1944
839,Oona,Janicijevic,ojanicijevicna@uol.com.br,394-506-1794,9786 Grim Way,Toluviejo,,707037,12/3/1917
840,Ada,Heatley,aheatleynb@un.org,741-312-9771,2989 Ohio Pass,Syrskoye,,398902,6/11/1913
841,Iolande,Collard,icollardnc@360.cn,538-795-8378,828 Sunnyside Avenue,Huangduobu,,,8/21/1974
842,Eydie,Ciraldo,eciraldond@china.com.cn,726-139-6564,295 Crest Line Plaza,Brwinów,,05-840,5/7/1909
843,Giovanna,Reina,greinane@forbes.com,356-148-5543,25886 Monica Drive,Songhu,,,5/11/1990
844,Wilmette,Das,wdasnf@china.com.cn,791-748-3835,45179 Comanche Court,Manding,,,10/20/2011
845,Gretel,Clinton,gclintonng@gravatar.com,129-818-8514,382 Transport Parkway,Harstad,19,9406,7/20/1921
846,Sisile,Gilbee,sgilbeenh@nifty.com,838-763-3698,3 Melody Court,Sumurnanjung,,,3/21/1916
847,Allayne,Cleave,acleaveni@biblegateway.com,849-983-0704,039 Badeau Center,Kuala Belait,,,8/11/1916
848,Randall,Klimontovich,rklimontovichnj@baidu.com,172-442-4842,162 Golf Crossing,Markaz Bilād aţ Ţa‘ām,,,2/3/2003
849,Brennen,Dallosso,bdallossonk@lulu.com,954-945-1008,86 Hallows Road,Ardabīl,,,2/10/1993
850,Mike,Sharper,msharpernl@usda.gov,530-142-7386,803 Columbus Parkway,Lühua,,,1/15/1962
851,Brand,Tofts,btoftsnm@digg.com,207-883-5170,669 Thierer Park,Qinghaihu,,,10/26/1926
852,Kerianne,Runham,krunhamnn@purevolume.com,914-625-2786,998 Claremont Court,Sainte-Anne-des-Monts,QC,L8P,3/15/2006
853,Min,Barlass,mbarlassno@economist.com,207-468-1332,6104 Glendale Court,Vesëlyy,,347780,6/28/1937
854,Bing,Barrington,bbarringtonnp@google.ca,919-110-8321,90509 Leroy Point,Buluh Kasap,,,2/9/1992
855,Tommy,Tilney,ttilneynq@tinypic.com,846-227-3216,3966 Forest Dale Way,Halle,ST,06126,4/6/2000
856,Auroora,Able,aablenr@zdnet.com,951-398-3492,7 Buell Way,Portmore,,,9/20/1929
857,Marj,Winskill,mwinskillns@samsung.com,447-872-2990,448 Monument Hill,Zinder,,,11/19/1927
858,Lanita,Grigolon,lgrigolonnt@omniture.com,920-198-1903,10660 Delaware Place,Pasadena,NL,B2J,12/9/1933
859,Cinderella,Michael,cmichaelnu@gov.uk,738-970-7419,4952 Mifflin Alley,Valerik,,366609,5/14/1972
860,Jard,Morrall,jmorrallnv@vkontakte.ru,406-707-4235,79 Troy Junction,Comapa,,22011,8/1/1984
861,Otho,Hayford,ohayfordnw@skyrock.com,369-650-9894,1 Upham Lane,Mubende,,,4/11/1953
862,Cyndi,Doumer,cdoumernx@geocities.jp,259-475-2901,28 Green Plaza,Chorkówka,,38-458,3/16/1965
863,Janaye,Fritschmann,jfritschmannny@usnews.com,797-394-0059,2218 Banding Crossing,Juatuba,,35675-000,11/26/2014
864,Donnie,Stares,dstaresnz@usda.gov,508-941-4365,3 Graceland Way,Ifanes,04,5210-105,3/1/1976
865,Gal,Lamke,glamkeo0@census.gov,966-371-4784,8 Atwood Junction,Rychtal,,63-630,7/26/1941
866,Bo,Whimper,bwhimpero1@so-net.ne.jp,907-601-2792,3 Rockefeller Point,Fairbanks,AK,99709,6/22/2014
867,Huntington,Roath,hroatho2@mozilla.com,337-306-3457,2 Roxbury Lane,Pyra,,606055,3/8/1939
868,Amalee,D'Acth,adactho3@ucsd.edu,647-921-7527,64 Bashford Circle,Cuntan,,,12/17/1966
869,Eveleen,Keates,ekeateso4@usnews.com,732-850-1963,88741 Lakewood Alley,Strzelce Krajeńskie,,66-500,4/17/1992
870,Carl,Thewles,cthewleso5@123-reg.co.uk,113-269-5808,270 Green Ridge Point,La Sebala du Mornag,,,6/30/1989
871,Birgitta,Galgey,bgalgeyo6@squidoo.com,238-295-3981,62115 Kim Road,Shangrao,,,7/30/1940
872,Vail,Dykas,vdykaso7@csmonitor.com,828-549-8177,2761 Garrison Drive,Rumyantsevo,,143570,12/30/2013
873,Shayne,McGloin,smcgloino8@mac.com,988-538-0016,825 Hallows Plaza,Studénka,,742 13,12/6/1983
874,Tannie,Leddie,tleddieo9@hud.gov,611-455-2306,29715 Sycamore Way,Tando Muhammad Khān,,70220,11/16/1925
875,Hildegaard,McGaughay,hmcgaughayoa@naver.com,471-791-0448,7360 Weeping Birch Terrace,Valera,,,5/4/1962
876,Lynnelle,Scotson,lscotsonob@barnesandnoble.com,411-839-2719,82768 Carpenter Lane,Cihideung Satu,,,4/9/1906
877,Staford,Parkin,sparkinoc@cbslocal.com,966-785-9230,1 Spohn Street,Tudela,,7202,11/9/1975
878,Darelle,Brecken,dbreckenod@google.de,325-774-4620,495 Mccormick Trail,Durazno,,,8/12/1971
879,Ebeneser,Playfair,eplayfairoe@weebly.com,590-949-5159,68 Crescent Oaks Point,Antabamba,,,2/1/1950
880,Koral,Francombe,kfrancombeof@uol.com.br,250-170-7554,2018 Service Junction,Ljungskile,O,459 91,7/4/1927
881,Henrietta,Rhead,hrheadog@google.co.uk,728-926-2875,3 Armistice Crossing,Buenavista,MEX,55635,6/19/1906
882,Maure,Seifenmacher,mseifenmacheroh@noaa.gov,578-892-4425,289 Donald Point,Klatakan,,,7/22/1943
883,Emile,Narraway,enarrawayoi@yahoo.com,753-181-9755,49465 Truax Junction,Jinlong,,,8/27/1942
884,Ivett,Robottom,irobottomoj@cornell.edu,820-496-2153,1 Lillian Crossing,Willemstad,,,10/9/2001
885,Reed,Martinek,rmartinekok@hp.com,954-351-2599,9 Alpine Lane,Chicheng,,,5/28/1906
886,Gail,Beasleigh,gbeasleighol@netvibes.com,333-147-3863,999 Meadow Ridge Way,Sala,U,733 31,2/8/1958
887,Valentin,Stocken,vstockenom@alibaba.com,174-173-7295,6 Westend Circle,Ehen Hudag,,,1/2/1994
888,Kori,Piatto,kpiattoon@wiley.com,679-223-2102,050 North Road,Imeni Tsyurupy,,142649,12/16/1936
889,Ronald,Soar,rsoaroo@gov.uk,351-330-1638,018 Mockingbird Court,Āsmār,,,11/23/1957
890,Regan,Khristoforov,rkhristoforovop@cbslocal.com,158-838-9848,0449 La Follette Pass,Higashimurayama-shi,,359-1144,3/18/1974
891,Inglebert,Bonniface,ibonnifaceoq@apache.org,709-763-8963,53677 Chinook Avenue,São Paio de Gramaços,06,3400-696,9/14/1971
892,Betsy,McNellis,bmcnellisor@usgs.gov,743-288-5891,6 Mifflin Crossing,Lavradio,14,2435-362,10/25/1964
893,Nigel,Santi,nsantios@gmpg.org,528-474-3906,822 Bashford Drive,Amboanjo,,,11/6/2001
894,Devy,Gadsby,dgadsbyot@theatlantic.com,764-960-5887,079 Lillian Lane,Yangong,,,12/22/1976
895,Othelia,Sillett,osillettou@ocn.ne.jp,267-717-4812,801 Pine View Road,Tangzha,,,3/14/2000
896,Correy,Fattore,cfattoreov@opera.com,758-937-6210,7477 Summerview Center,Tuxi,,,10/17/1916
897,Allyce,Dickens,adickensow@scientificamerican.com,766-942-0616,1355 Glacier Hill Street,Rato,,,12/24/1994
898,Rubia,Hehnke,rhehnkeox@hao123.com,717-574-0427,1 Farmco Lane,Harrisburg,PA,17121,2/28/1953
899,Trescha,Schaffler,tschaffleroy@cpanel.net,372-959-6541,5962 Sunfield Drive,Gualmatán,,524528,4/11/1989
900,Fredek,Rau,frauoz@ft.com,904-924-6741,5818 Artisan Road,Jacksonville,FL,32236,4/11/1952
901,Rosemonde,Gradly,rgradlyp0@rediff.com,404-763-5157,4 Larry Junction,Zhaoqing,,,6/7/1977
902,Durward,Augie,daugiep1@adobe.com,746-849-8575,39144 Lillian Plaza,Trzcianka,,64-980,2/6/1989
903,Bren,Kinnock,bkinnockp2@mysql.com,507-781-9459,29768 Waubesa Avenue,Michałowo,,16-050,1/29/2015
904,Caddric,Casacchia,ccasacchiap3@sbwire.com,704-135-3056,3 Mandrake Way,Charlotte,NC,28289,10/30/1966
905,Susy,Marlen,smarlenp4@netlog.com,401-269-6630,9 Carioca Crossing,Jangkungkusumo,,,11/15/1939
906,Homer,Cheyne,hcheynep5@wix.com,709-347-3158,75 Scofield Street,Dalheim,,L-5687,10/26/1959
907,Jessey,Crawforth,jcrawforthp6@behance.net,454-590-2413,9514 Old Gate Road,Torez,,,5/4/1982
908,Bondy,Bark,bbarkp7@washingtonpost.com,317-119-0618,53 Fisk Circle,Banjar Triwangsakeliki,,,7/8/1987
909,Kerianne,Flori,kflorip8@mashable.com,968-430-6998,120 Farragut Hill,Nueva Fuerza,,6224,3/4/2004
910,Wilie,Petts,wpettsp9@tuttocitta.it,976-308-9502,32614 Pawling Park,Orodo,,,8/7/1944
911,Dolph,Crang,dcrangpa@odnoklassniki.ru,995-546-3719,095 International Court,Warin Chamrap,,76110,12/25/1994
912,Billie,Coie,bcoiepb@sourceforge.net,251-805-3716,5 Scoville Way,Pamplona/Iruña,NC,31010,12/25/1910
913,Darcee,Pigram,dpigrampc@dedecms.com,886-316-6392,9 Cordelia Alley,Blagoveshchenka,,658670,4/1/1929
914,Nevin,Greatbank,ngreatbankpd@sfgate.com,804-478-3641,53018 Macpherson Alley,Kosonsoy,,,8/19/1932
915,Myrvyn,Accombe,maccombepe@clickbank.net,985-623-5059,1466 Fisk Place,Tangquan,,,11/24/1980
916,Calida,Phipard-Shears,cphipardshearspf@tiny.cc,462-883-7464,7 Kinsman Alley,Hongch’ŏn,,,11/4/1979
917,Tiler,Wimms,twimmspg@quantcast.com,717-925-0722,2677 Commercial Plaza,Fīrūzābād,,,10/25/1999
918,Nefen,Spada,nspadaph@altervista.org,171-622-4628,6 Ruskin Pass,San Cristóbal Totonicapán,,08002,12/27/1953
919,Thomasa,Jeannot,tjeannotpi@hc360.com,339-471-4097,04 Dottie Lane,Fuhai,,,1/7/1946
920,Howie,Agott,hagottpj@technorati.com,124-586-6530,68 Meadow Vale Center,Atocha,,,8/9/1915
921,Drake,Curthoys,dcurthoyspk@cdbaby.com,887-141-4192,7 Fallview Crossing,Clondalkin,,D24,5/18/1983
922,Isaak,Bidewel,ibidewelpl@stanford.edu,899-458-5414,47045 Sunfield Point,Pecatu,,,6/23/1939
923,Marybeth,Mirams,mmiramspm@huffingtonpost.com,435-113-4140,838 Northland Court,El Pao,,,3/29/1972
924,Marilyn,Mithun,mmithunpn@columbia.edu,587-183-6991,35313 Oakridge Crossing,Puconci,,9201,10/17/1958
925,Erv,Lyfe,elyfepo@time.com,791-406-0052,767 Warrior Point,Siao,,84120,2/4/1933
926,Dusty,Pay,dpaypp@xrea.com,543-309-0583,223 Delladonna Street,Labinot-Mal,,,3/29/2007
927,Rog,Swatton,rswattonpq@nyu.edu,906-189-2680,3404 Manley Place,Oyem,,,1/27/2007
928,Lonna,Buddock,lbuddockpr@paypal.com,889-974-7435,661 Huxley Road,Bilaran,,4216,1/5/2014
929,Marti,Threlkeld,mthrelkeldps@buzzfeed.com,331-786-3674,6648 Lyons Court,Hāla,,70130,4/9/1970
930,Courtnay,Chadd,cchaddpt@unesco.org,784-458-3903,03 Oriole Way,Amherst,NS,B4H,2/17/2013
931,Stan,Tingey,stingeypu@nifty.com,139-688-1094,981 Debs Drive,Pirojpur,,1811,8/14/1901
932,Flin,Happel,fhappelpv@netlog.com,326-344-6217,0 Utah Road,Dobra,,72-210,10/17/2004
933,Berte,Stebbings,bstebbingspw@cmu.edu,323-627-9445,87 Pine View Place,Jiwei,,,6/5/2016
934,Shauna,Elger,selgerpx@youku.com,339-150-5781,32565 Karstens Terrace,Březová nad Svitavou,,569 02,7/10/1900
935,Farlay,Biggerstaff,fbiggerstaffpy@ustream.tv,321-122-6867,20886 Linden Parkway,Kangding,,,4/15/2019
936,Fraze,Blaby,fblabypz@cmu.edu,789-240-5441,854 Forster Hill,Huayuan,,,2/9/1932
937,Noami,Wheadon,nwheadonq0@who.int,263-478-6949,12982 Sunnyside Center,Tilik,,5110,8/21/1979
938,Catha,Greenhall,cgreenhallq1@census.gov,839-108-5178,5 Pepper Wood Alley,Oslo,03,1068,2/19/2015
939,See,Smeaton,ssmeatonq2@youtube.com,372-281-8141,7408 Homewood Road,Leskovac,,,10/8/2016
940,Fawnia,Limer,flimerq3@w3.org,969-825-5020,61352 Lakeland Place,Bilopillya,,,5/10/1954
941,Marcelline,Keyzor,mkeyzorq4@ibm.com,351-287-6134,57634 Loftsgordon Circle,Quán Hành,,,4/16/2000
942,Fedora,Cleveley,fcleveleyq5@unblog.fr,680-602-2347,193 Kropf Plaza,Chacarita,,60112,11/21/1926
943,Ogden,Pollak,opollakq6@ning.com,345-406-0720,6 Stephen Trail,Ciangir,,,12/10/1904
944,Carline,Dunsire,cdunsireq7@nifty.com,547-508-8793,8 Sage Avenue,Pandakan,,7402,9/8/1989
945,Corbie,Dockrill,cdockrillq8@amazon.de,105-377-5361,155 Hudson Point,Otradnoye,,187332,8/13/1925
946,Clarissa,Seignior,cseigniorq9@geocities.jp,765-194-4411,9 Boyd Center,Ōzu,,795-0089,3/15/2013
947,Arlan,Ballach,aballachqa@hatena.ne.jp,328-499-0080,28818 Lighthouse Bay Pass,Banyutengah,,,4/15/1928
948,Renard,Soan,rsoanqb@illinois.edu,665-242-3777,4 Golf View Pass,Kamina,,,12/1/2009
949,Aimil,Totaro,atotaroqc@state.gov,464-955-8630,30355 Caliangt Drive,Siruma,,4427,12/16/2007
950,Tome,Keeltagh,tkeeltaghqd@list-manage.com,584-189-4688,21231 Oakridge Avenue,Puerto San José,,05009,10/24/1937
951,Rochette,Wyard,rwyardqe@technorati.com,666-225-9293,6 Sunfield Court,Bacabal,,65700-000,2/8/1934
952,Arabele,Mulrenan,amulrenanqf@economist.com,872-694-7962,26 Sutherland Terrace,Tozeur,,,1/28/1943
953,Orlando,Atchly,oatchlyqg@github.com,583-608-6936,985 Algoma Avenue,Lentisqueira,06,3070-235,4/18/2012
954,Genovera,Dalgety,gdalgetyqh@artisteer.com,735-456-1448,970 Burning Wood Court,Lesnoye,,238703,7/26/2022
955,Jake,Ennor,jennorqi@tamu.edu,956-942-6223,1586 Marquette Street,Fontenay-sous-Bois,A8,94726 CEDEX,10/26/1920
956,Inessa,Kenwyn,ikenwynqj@bbc.co.uk,187-559-8767,972 Susan Pass,Costa Nova do Prado,01,3830-455,10/14/1925
957,Lanita,Villar,lvillarqk@symantec.com,777-343-5018,73 Dryden Avenue,Ambian,,,2/10/1922
958,Dominique,Breckell,dbreckellql@cisco.com,286-394-6435,3 Gale Park,Probolinggo,,,4/23/2021
959,Ronald,Meltetal,rmeltetalqm@cdc.gov,981-228-0079,9812 Valley Edge Hill,Maticmatic,,2430,5/6/2021
960,Maurine,Linton,mlintonqn@goo.gl,746-859-9733,99 Schurz Junction,Niimi,,718-0011,6/11/1909
961,Opalina,Sumpner,osumpnerqo@wp.com,724-281-5190,9345 Sage Circle,Korsakovo,,303580,7/20/1929
962,Diannne,Bygate,dbygateqp@sciencedaily.com,138-987-8401,927 Park Meadow Pass,Pingshan,,,6/18/1904
963,Ailyn,Geator,ageatorqq@usnews.com,827-337-9608,6 Texas Circle,Solok Timur,,,6/6/2012
964,Piggy,Kenelin,pkenelinqr@csmonitor.com,623-624-6677,32 Rusk Street,Kumla,T,692 81,1/11/1935
965,Maryjane,Duignan,mduignanqs@so-net.ne.jp,174-100-8115,1 Grim Park,Shankeng,,,9/15/1921
966,Cinda,Mauchline,cmauchlineqt@abc.net.au,519-123-3373,7279 Little Fleur Road,Pushkin,,196627,11/29/2003
967,Peadar,Clewlowe,pclewlowequ@about.me,233-177-6461,1286 Marcy Junction,Huangtang,,,2/25/1974
968,Diann,Halliberton,dhallibertonqv@rediff.com,742-461-5054,15 Fremont Drive,Saint-Ouen,A8,93487 CEDEX,5/19/2009
969,Cecily,Le Marchant,clemarchantqw@toplist.cz,408-361-0580,0187 Cascade Road,Cachón,,11809,2/7/2004
970,Lucille,Bacher,lbacherqx@princeton.edu,114-335-6091,345 Sunnyside Junction,Kaiyuan,,,5/8/1927
971,Horst,Blanking,hblankingqy@addthis.com,601-517-3275,72 5th Circle,Bajina Bašta,,,3/4/1959
972,Werner,Dawidman,wdawidmanqz@weibo.com,108-790-9725,02095 Blue Bill Park Park,Huaping,,,8/22/1975
973,Jolyn,Rominov,jrominovr0@wunderground.com,883-534-9339,42131 Thompson Drive,Kobiernice,,43-356,5/29/1949
974,Hube,Josuweit,hjosuweitr1@list-manage.com,854-925-4828,54424 Hanover Court,Saint Petersburg,,190990,3/13/1994
975,Ferd,Sandilands,fsandilandsr2@dmoz.org,113-594-3020,969 Magdeline Road,Nyzhnya Krynka,,,8/8/1935
976,Justinn,MacCaughan,jmaccaughanr3@about.me,889-776-9328,43 Lyons Trail,Dos Hermanas,AN,41703,5/19/1937
977,Florencia,Gres,fgresr4@ovh.net,767-863-0263,376 Stoughton Point,Estevan,SK,S4A,12/13/1925
978,Danyette,Skechley,dskechleyr5@cafepress.com,437-967-5733,95670 Cambridge Trail,Krajan Tegalombo,,,8/30/2015
979,Elberta,Stit,estitr6@kickstarter.com,594-125-3083,37 Packers Plaza,Mabiton,,1801,9/12/1979
980,Rhianon,Souley,rsouleyr7@cafepress.com,443-606-5519,37598 Heffernan Pass,Shuanghe,,,8/4/1937
981,Bryan,Peters,bpetersr8@guardian.co.uk,335-310-6875,502 Nelson Circle,Sakchu-ŭp,,,7/16/1943
982,Clive,Lunk,clunkr9@youtu.be,484-212-2201,7991 Bultman Terrace,Bojszowy Nowe,,43-220,2/9/1924
983,Alexia,Brimson,abrimsonra@pen.io,391-196-9757,4331 Carioca Crossing,Novyye Kuz’minki,,352812,12/22/1927
984,Ambrose,Mantrup,amantruprb@clickbank.net,588-339-4968,91 Old Shore Court,Cibiru,,,2/25/1998
985,Dedra,Alyutin,dalyutinrc@opensource.org,915-835-4582,1030 Talmadge Trail,Lapachito,,3514,6/27/1942
986,Sunny,Bettridge,sbettridgerd@cargocollective.com,369-761-4938,9 Donald Road,Goujie,,,2/18/1982
987,Lelah,Mougin,lmouginre@ehow.com,829-943-8779,45438 Clemons Hill,Bastia,A5,20292 CEDEX,9/4/1957
988,Evita,Sket,esketrf@umn.edu,450-270-2319,7577 Forster Way,Stockholm,AB,126 12,11/6/1901
989,Dina,Tregust,dtregustrg@archive.org,874-601-1385,630 Hooker Plaza,Chum Phae,,40130,4/23/1945
990,Yetty,Fluck,yfluckrh@epa.gov,637-715-2497,6081 Clove Park,Salvacion,,1114,6/21/1987
991,Phylys,Bidder,pbidderri@cbc.ca,453-664-0640,35 Judy Avenue,Beixiang,,,6/20/2008
992,Roshelle,Matiashvili,rmatiashvilirj@meetup.com,392-302-2505,40 Lerdahl Center,Obong,,2614,10/15/1927
993,Ernaline,Cordey,ecordeyrk@ovh.net,817-302-3152,72124 Mosinee Plaza,Lagos,,,1/8/1957
994,Ricoriki,Gaddesby,rgaddesbyrl@about.me,326-385-5131,97666 Dottie Street,Åhus,M,296 81,3/4/1956
995,Parrnell,Pooly,ppoolyrm@wsj.com,926-902-9818,98764 Oakridge Drive,Amiens,B6,80048 CEDEX 1,10/18/1919
996,Constantine,Stigers,cstigersrn@digg.com,814-282-5684,527 Sutherland Trail,São Pedro,06,3090-748,5/19/1972
997,Sidnee,Crombie,scrombiero@de.vu,848-882-5129,0 Fairview Circle,Nglorogan,,,9/17/1990
998,Corenda,Dicte,cdicterp@indiegogo.com,655-227-3509,98 Doe Crossing Drive,Dungkek Laok,,,5/17/1978
999,Alameda,Rosoman,arosomanrq@sciencedirect.com,588-920-0286,9007 Jenna Road,Portachuelo,,,7/8/1986
1000,Benjamen,Lawfull,blawfullrr@webmd.com,828-630-2470,957 Shasta Park,Baoshui,,,1/25/1913
